filename,label,type,position_x,position_y
6_1.png,6,ending,17,42
6_1.png,6,ending,17,53
6_1.png,6,ending,17,65
6_1.png,6,ending,17,78
6_1.png,6,ending,17,91
6_1.png,6,ending,17,103
6_1.png,6,ending,17,116
6_1.png,6,ending,17,128
6_1.png,6,ending,17,140
6_1.png,6,ending,17,149
6_1.png,6,ending,17,161
6_1.png,6,ending,17,171
6_1.png,6,ending,17,184
6_1.png,6,ending,17,195
6_1.png,6,ending,17,209
6_1.png,6,ending,17,221
6_1.png,6,ending,17,233
6_1.png,6,ending,17,244
6_1.png,6,ending,17,255
6_1.png,6,ending,17,265
6_1.png,6,ending,17,281
6_1.png,6,ending,17,296
6_1.png,6,ending,17,315
6_1.png,6,ending,23,320
6_1.png,6,ending,27,308
6_1.png,6,ending,35,321
6_1.png,6,ending,47,321
6_1.png,6,ending,57,108
6_1.png,6,ending,60,320
6_1.png,6,ending,71,320
6_1.png,6,bifurcation,74,159
6_1.png,6,bifurcation,76,233
6_1.png,6,ending,83,321
6_1.png,6,bifurcation,94,78
6_1.png,6,ending,97,191
6_1.png,6,bifurcation,99,238
6_1.png,6,ending,102,321
6_1.png,6,ending,105,317
6_1.png,6,bifurcation,108,89
6_1.png,6,bifurcation,111,54
6_1.png,6,ending,113,35
6_1.png,6,ending,113,79
6_1.png,6,bifurcation,130,63
6_1.png,6,bifurcation,137,318
6_1.png,6,ending,139,141
6_1.png,6,bifurcation,143,149
6_1.png,6,ending,150,144
6_1.png,6,ending,150,321
6_1.png,6,bifurcation,153,298
6_1.png,6,ending,156,17
6_1.png,6,bifurcation,156,287
6_1.png,6,ending,161,298
6_1.png,6,bifurcation,163,239
6_1.png,6,ending,166,321
6_1.png,6,ending,171,287
6_1.png,6,ending,173,309
6_1.png,6,ending,174,50
6_1.png,6,ending,177,291
6_1.png,6,ending,179,313
6_1.png,6,ending,180,321
6_1.png,6,ending,185,321
6_1.png,6,ending,186,321
6_1.png,6,ending,190,17
6_1.png,6,ending,192,306
6_1.png,6,ending,192,308
6_1.png,6,ending,194,24
6_1.png,6,ending,198,320
6_1.png,6,ending,204,21
6_1.png,6,bifurcation,206,28
6_1.png,6,ending,208,27
6_1.png,6,ending,211,32
6_1.png,6,ending,211,320
6_1.png,6,bifurcation,221,64
6_1.png,6,ending,221,321
6_1.png,6,bifurcation,222,54
6_1.png,6,ending,223,56
6_1.png,6,ending,223,68
6_1.png,6,ending,224,61
6_1.png,6,bifurcation,224,63
6_1.png,6,ending,225,66
6_1.png,6,ending,228,78
6_1.png,6,bifurcation,228,81
6_1.png,6,ending,228,320
6_1.png,6,ending,230,84
6_1.png,6,ending,230,142
6_1.png,6,ending,230,153
6_1.png,6,ending,230,206
6_1.png,6,ending,231,96
6_1.png,6,ending,231,108
6_1.png,6,ending,231,119
6_1.png,6,ending,231,130
6_1.png,6,ending,231,164
6_1.png,6,ending,231,174
6_1.png,6,ending,231,185
6_1.png,6,ending,231,196
6_1.png,6,ending,231,217
6_1.png,6,ending,231,227
6_1.png,6,ending,231,238
6_1.png,6,ending,231,253
6_1.png,6,ending,231,272
6_1.png,6,ending,231,290
6_1.png,6,ending,231,312
6_2.png,6,ending,17,89
6_2.png,6,ending,17,99
6_2.png,6,ending,17,109
6_2.png,6,ending,17,120
6_2.png,6,ending,17,131
6_2.png,6,ending,17,142
6_2.png,6,ending,17,153
6_2.png,6,ending,17,165
6_2.png,6,ending,17,177
6_2.png,6,ending,17,188
6_2.png,6,ending,17,199
6_2.png,6,ending,17,211
6_2.png,6,ending,17,221
6_2.png,6,ending,17,232
6_2.png,6,ending,17,242
6_2.png,6,ending,17,252
6_2.png,6,ending,17,262
6_2.png,6,ending,17,271
6_2.png,6,ending,17,281
6_2.png,6,ending,17,292
6_2.png,6,ending,17,305
6_2.png,6,ending,17,319
6_2.png,6,ending,18,60
6_2.png,6,ending,18,64
6_2.png,6,ending,18,75
6_2.png,6,ending,19,64
6_2.png,6,ending,24,49
6_2.png,6,ending,24,321
6_2.png,6,ending,34,34
6_2.png,6,ending,35,25
6_2.png,6,ending,36,321
6_2.png,6,bifurcation,37,103
6_2.png,6,bifurcation,40,242
6_2.png,6,bifurcation,44,164
6_2.png,6,ending,52,321
6_2.png,6,bifurcation,57,204
6_2.png,6,bifurcation,61,248
6_2.png,6,ending,73,321
6_2.png,6,bifurcation,76,80
6_2.png,6,ending,79,321
6_2.png,6,bifurcation,87,93
6_2.png,6,ending,94,81
6_2.png,6,bifurcation,97,56
6_2.png,6,ending,102,37
6_2.png,6,ending,109,149
6_2.png,6,ending,109,321
6_2.png,6,bifurcation,111,296
6_2.png,6,ending,111,304
6_2.png,6,ending,112,151
6_2.png,6,bifurcation,114,67
6_2.png,6,bifurcation,115,157
6_2.png,6,bifurcation,116,153
6_2.png,6,ending,118,307
6_2.png,6,ending,122,153
6_2.png,6,bifurcation,122,318
6_2.png,6,ending,125,245
6_2.png,6,ending,125,321
6_2.png,6,ending,128,17
6_2.png,6,bifurcation,132,297
6_2.png,6,bifurcation,132,299
6_2.png,6,ending,132,321
6_2.png,6,bifurcation,134,297
6_2.png,6,ending,134,302
6_2.png,6,ending,143,321
6_2.png,6,ending,144,312
6_2.png,6,ending,149,320
6_2.png,6,ending,152,321
6_2.png,6,bifurcation,154,319
6_2.png,6,ending,157,320
6_2.png,6,ending,162,58
6_2.png,6,ending,163,17
6_2.png,6,ending,169,320
6_2.png,6,ending,179,320
6_2.png,6,ending,183,17
6_2.png,6,ending,188,34
6_2.png,6,ending,191,19
6_2.png,6,ending,191,29
6_2.png,6,ending,192,320
6_2.png,6,ending,195,32
6_2.png,6,ending,196,18
6_2.png,6,bifurcation,200,32
6_2.png,6,ending,205,23
6_2.png,6,ending,206,321
6_2.png,6,ending,207,29
6_2.png,6,ending,211,32
6_2.png,6,ending,215,33
6_2.png,6,ending,218,321
6_2.png,6,ending,219,266
6_2.png,6,ending,220,293
6_2.png,6,bifurcation,222,46
6_2.png,6,ending,222,296
6_2.png,6,ending,223,45
6_2.png,6,ending,223,49
6_2.png,6,bifurcation,223,74
6_2.png,6,ending,224,54
6_2.png,6,ending,224,63
6_2.png,6,ending,224,78
6_2.png,6,ending,227,80
6_2.png,6,ending,228,320
6_2.png,6,bifurcation,230,80
6_2.png,6,ending,231,83
6_2.png,6,ending,231,97
6_2.png,6,ending,231,110
6_2.png,6,ending,231,122
6_2.png,6,ending,231,136
6_2.png,6,ending,231,149
6_2.png,6,ending,231,163
6_2.png,6,ending,231,177
6_2.png,6,ending,231,189
6_2.png,6,ending,231,201
6_2.png,6,ending,231,214
6_2.png,6,ending,231,227
6_2.png,6,ending,231,245
6_2.png,6,ending,231,260
6_2.png,6,ending,231,282
6_2.png,6,ending,231,309
6_3.png,6,ending,17,103
6_3.png,6,ending,17,112
6_3.png,6,ending,17,122
6_3.png,6,ending,17,133
6_3.png,6,ending,17,143
6_3.png,6,ending,17,155
6_3.png,6,ending,17,164
6_3.png,6,ending,17,175
6_3.png,6,ending,17,184
6_3.png,6,ending,17,194
6_3.png,6,ending,17,204
6_3.png,6,ending,17,214
6_3.png,6,ending,17,224
6_3.png,6,ending,17,238
6_3.png,6,ending,17,248
6_3.png,6,ending,17,257
6_3.png,6,ending,17,267
6_3.png,6,ending,17,277
6_3.png,6,ending,17,287
6_3.png,6,ending,17,299
6_3.png,6,ending,17,313
6_3.png,6,ending,18,62
6_3.png,6,ending,18,71
6_3.png,6,ending,18,83
6_3.png,6,ending,18,93
6_3.png,6,ending,18,321
6_3.png,6,ending,20,109
6_3.png,6,ending,30,46
6_3.png,6,bifurcation,31,158
6_3.png,6,ending,38,318
6_3.png,6,ending,38,321
6_3.png,6,ending,40,34
6_3.png,6,bifurcation,43,234
6_3.png,6,ending,47,188
6_3.png,6,ending,51,23
6_3.png,6,bifurcation,64,78
6_3.png,6,bifurcation,70,317
6_3.png,6,ending,80,94
6_3.png,6,ending,81,80
6_3.png,6,ending,85,321
6_3.png,6,bifurcation,87,56
6_3.png,6,ending,90,292
6_3.png,6,ending,91,39
6_3.png,6,bifurcation,92,283
6_3.png,6,ending,97,294
6_3.png,6,ending,99,143
6_3.png,6,bifurcation,100,304
6_3.png,6,ending,101,321
6_3.png,6,bifurcation,102,273
6_3.png,6,bifurcation,103,65
6_3.png,6,bifurcation,103,148
6_3.png,6,ending,103,277
6_3.png,6,ending,106,230
6_3.png,6,ending,106,282
6_3.png,6,ending,107,145
6_3.png,6,ending,110,17
6_3.png,6,ending,114,289
6_3.png,6,ending,115,313
6_3.png,6,ending,115,321
6_3.png,6,ending,118,318
6_3.png,6,ending,121,321
6_3.png,6,ending,124,301
6_3.png,6,ending,129,308
6_3.png,6,ending,133,320
6_3.png,6,ending,148,17
6_3.png,6,ending,148,321
6_3.png,6,ending,151,58
6_3.png,6,ending,155,320
6_3.png,6,ending,164,320
6_3.png,6,ending,168,17
6_3.png,6,bifurcation,174,39
6_3.png,6,ending,177,320
6_3.png,6,bifurcation,185,314
6_3.png,6,ending,188,17
6_3.png,6,ending,188,320
6_3.png,6,ending,189,314
6_3.png,6,ending,201,281
6_3.png,6,ending,201,283
6_3.png,6,ending,202,320
6_3.png,6,bifurcation,206,255
6_3.png,6,ending,207,28
6_3.png,6,ending,208,31
6_3.png,6,ending,212,320
6_3.png,6,bifurcation,213,74
6_3.png,6,ending,216,34
6_3.png,6,bifurcation,223,188
6_3.png,6,ending,225,52
6_3.png,6,ending,226,59
6_3.png,6,ending,227,320
6_3.png,6,ending,228,314
6_3.png,6,ending,230,65
6_3.png,6,ending,231,68
6_3.png,6,ending,231,79
6_3.png,6,ending,231,96
6_3.png,6,ending,231,107
6_3.png,6,ending,231,118
6_3.png,6,ending,231,132
6_3.png,6,ending,231,145
6_3.png,6,ending,231,160
6_3.png,6,ending,231,174
6_3.png,6,ending,231,184
6_3.png,6,ending,231,193
6_3.png,6,ending,231,203
6_3.png,6,ending,231,213
6_3.png,6,ending,231,228
6_3.png,6,ending,231,243
6_3.png,6,ending,231,262
6_3.png,6,ending,231,287
6_3.png,6,ending,231,311
6_3.png,6,ending,231,318
6_4.png,6,ending,17,61
6_4.png,6,ending,17,97
6_4.png,6,ending,17,111
6_4.png,6,ending,17,134
6_4.png,6,ending,17,146
6_4.png,6,ending,17,158
6_4.png,6,ending,17,171
6_4.png,6,ending,17,183
6_4.png,6,ending,17,192
6_4.png,6,ending,17,203
6_4.png,6,ending,17,214
6_4.png,6,ending,17,225
6_4.png,6,ending,17,235
6_4.png,6,ending,17,249
6_4.png,6,ending,17,259
6_4.png,6,ending,17,268
6_4.png,6,ending,17,280
6_4.png,6,ending,17,291
6_4.png,6,ending,17,302
6_4.png,6,ending,17,315
6_4.png,6,ending,18,41
6_4.png,6,ending,18,50
6_4.png,6,ending,18,71
6_4.png,6,ending,18,82
6_4.png,6,ending,18,121
6_4.png,6,ending,20,321
6_4.png,6,bifurcation,23,167
6_4.png,6,ending,33,321
6_4.png,6,bifurcation,42,244
6_4.png,6,ending,43,197
6_4.png,6,ending,47,26
6_4.png,6,ending,47,321
6_4.png,6,bifurcation,48,84
6_4.png,6,bifurcation,62,94
6_4.png,6,ending,65,83
6_4.png,6,ending,69,41
6_4.png,6,ending,72,63
6_4.png,6,bifurcation,84,66
6_4.png,6,ending,85,144
6_4.png,6,ending,86,17
6_4.png,6,ending,88,321
6_4.png,6,bifurcation,92,152
6_4.png,6,bifurcation,92,297
6_4.png,6,ending,94,147
6_4.png,6,bifurcation,96,286
6_4.png,6,ending,103,296
6_4.png,6,ending,105,234
6_4.png,6,ending,107,321
6_4.png,6,ending,112,285
6_4.png,6,ending,113,306
6_4.png,6,ending,118,289
6_4.png,6,ending,120,312
6_4.png,6,ending,121,321
6_4.png,6,ending,124,317
6_4.png,6,ending,128,298
6_4.png,6,ending,129,321
6_4.png,6,ending,130,53
6_4.png,6,ending,131,303
6_4.png,6,ending,134,17
6_4.png,6,ending,143,321
6_4.png,6,bifurcation,153,32
6_4.png,6,ending,156,321
6_4.png,6,ending,161,17
6_4.png,6,ending,164,321
6_4.png,6,ending,174,321
6_4.png,6,ending,187,321
6_4.png,6,bifurcation,190,62
6_4.png,6,ending,191,28
6_4.png,6,bifurcation,193,61
6_4.png,6,bifurcation,194,62
6_4.png,6,ending,195,32
6_4.png,6,ending,200,321
6_4.png,6,ending,202,248
6_4.png,6,ending,204,37
6_4.png,6,ending,207,49
6_4.png,6,bifurcation,208,58
6_4.png,6,ending,208,76
6_4.png,6,ending,209,56
6_4.png,6,ending,209,59
6_4.png,6,ending,211,320
6_4.png,6,ending,213,80
6_4.png,6,ending,222,88
6_4.png,6,bifurcation,222,119
6_4.png,6,bifurcation,223,106
6_4.png,6,ending,224,127
6_4.png,6,ending,224,136
6_4.png,6,ending,224,151
6_4.png,6,ending,225,321
6_4.png,6,bifurcation,226,171
6_4.png,6,ending,230,146
6_4.png,6,ending,231,156
6_4.png,6,ending,231,180
6_4.png,6,ending,231,195
6_4.png,6,ending,231,207
6_4.png,6,ending,231,222
6_4.png,6,ending,231,236
6_4.png,6,ending,231,251
6_4.png,6,ending,231,273
6_4.png,6,ending,231,297
6_4.png,6,ending,231,319
6_5.png,6,ending,17,107
6_5.png,6,ending,17,119
6_5.png,6,ending,17,131
6_5.png,6,ending,17,142
6_5.png,6,ending,17,152
6_5.png,6,ending,17,165
6_5.png,6,ending,17,177
6_5.png,6,ending,17,187
6_5.png,6,ending,17,197
6_5.png,6,ending,17,208
6_5.png,6,ending,17,220
6_5.png,6,ending,17,230
6_5.png,6,ending,17,239
6_5.png,6,ending,17,250
6_5.png,6,ending,17,259
6_5.png,6,ending,17,271
6_5.png,6,ending,17,283
6_5.png,6,ending,17,296
6_5.png,6,ending,17,312
6_5.png,6,ending,18,77
6_5.png,6,ending,18,87
6_5.png,6,ending,18,97
6_5.png,6,ending,20,320
6_5.png,6,ending,30,320
6_5.png,6,ending,34,45
6_5.png,6,ending,34,55
6_5.png,6,bifurcation,36,100
6_5.png,6,ending,40,33
6_5.png,6,ending,40,321
6_5.png,6,ending,45,32
6_5.png,6,bifurcation,46,231
6_5.png,6,ending,47,29
6_5.png,6,bifurcation,48,156
6_5.png,6,ending,52,20
6_5.png,6,ending,52,321
6_5.png,6,ending,63,17
6_5.png,6,bifurcation,67,235
6_5.png,6,ending,68,186
6_5.png,6,ending,68,321
6_5.png,6,ending,73,315
6_5.png,6,bifurcation,76,74
6_5.png,6,ending,93,75
6_5.png,6,ending,94,89
6_5.png,6,bifurcation,96,51
6_5.png,6,ending,100,32
6_5.png,6,bifurcation,100,317
6_5.png,6,ending,104,17
6_5.png,6,bifurcation,105,313
6_5.png,6,ending,111,321
6_5.png,6,bifurcation,113,59
6_5.png,6,ending,114,137
6_5.png,6,ending,118,139
6_5.png,6,ending,122,139
6_5.png,6,bifurcation,123,279
6_5.png,6,ending,123,287
6_5.png,6,ending,130,291
6_5.png,6,ending,131,321
6_5.png,6,ending,132,226
6_5.png,6,ending,137,277
6_5.png,6,ending,138,299
6_5.png,6,ending,141,321
6_5.png,6,ending,146,284
6_5.png,6,ending,146,304
6_5.png,6,ending,151,17
6_5.png,6,ending,153,312
6_5.png,6,ending,155,321
6_5.png,6,ending,157,294
6_5.png,6,ending,160,48
6_5.png,6,ending,161,300
6_5.png,6,ending,161,320
6_5.png,6,ending,178,321
6_5.png,6,bifurcation,180,25
6_5.png,6,ending,181,17
6_5.png,6,ending,189,321
6_5.png,6,ending,194,320
6_5.png,6,ending,203,17
6_5.png,6,ending,205,321
6_5.png,6,ending,218,321
6_5.png,6,ending,222,26
6_5.png,6,bifurcation,223,60
6_5.png,6,ending,224,37
6_5.png,6,ending,227,244
6_5.png,6,ending,230,93
6_5.png,6,ending,230,105
6_5.png,6,ending,231,52
6_5.png,6,ending,231,67
6_5.png,6,ending,231,81
6_5.png,6,ending,231,119
6_5.png,6,ending,231,132
6_5.png,6,ending,231,145
6_5.png,6,ending,231,158
6_5.png,6,ending,231,168
6_5.png,6,ending,231,180
6_5.png,6,ending,231,191
6_5.png,6,ending,231,202
6_5.png,6,ending,231,214
6_5.png,6,ending,231,229
6_5.png,6,ending,231,244
6_5.png,6,ending,231,264
6_5.png,6,ending,231,285
6_5.png,6,ending,231,307
6_5.png,6,ending,231,321
6_6.png,6,ending,17,152
6_6.png,6,ending,17,161
6_6.png,6,ending,17,173
6_6.png,6,ending,17,184
6_6.png,6,ending,17,193
6_6.png,6,ending,17,204
6_6.png,6,ending,17,213
6_6.png,6,ending,17,224
6_6.png,6,ending,17,234
6_6.png,6,ending,17,246
6_6.png,6,ending,17,260
6_6.png,6,ending,17,275
6_6.png,6,ending,17,292
6_6.png,6,ending,17,316
6_6.png,6,ending,18,53
6_6.png,6,ending,18,65
6_6.png,6,ending,18,75
6_6.png,6,ending,18,85
6_6.png,6,ending,18,96
6_6.png,6,ending,18,106
6_6.png,6,ending,18,119
6_6.png,6,ending,18,130
6_6.png,6,ending,18,141
6_6.png,6,ending,20,46
6_6.png,6,ending,23,292
6_6.png,6,ending,23,321
6_6.png,6,bifurcation,26,38
6_6.png,6,bifurcation,30,30
6_6.png,6,ending,31,28
6_6.png,6,bifurcation,33,32
6_6.png,6,ending,34,23
6_6.png,6,bifurcation,38,54
6_6.png,6,ending,38,320
6_6.png,6,bifurcation,41,188
6_6.png,6,bifurcation,49,110
6_6.png,6,ending,51,296
6_6.png,6,ending,52,17
6_6.png,6,ending,53,321
6_6.png,6,ending,57,290
6_6.png,6,ending,60,144
6_6.png,6,bifurcation,62,190
6_6.png,6,ending,64,321
6_6.png,6,ending,65,270
6_6.png,6,bifurcation,66,294
6_6.png,6,ending,74,321
6_6.png,6,bifurcation,80,29
6_6.png,6,bifurcation,86,296
6_6.png,6,ending,96,276
6_6.png,6,ending,97,30
6_6.png,6,ending,97,43
6_6.png,6,bifurcation,97,269
6_6.png,6,ending,105,321
6_6.png,6,bifurcation,106,289
6_6.png,6,ending,110,287
6_6.png,6,ending,111,304
6_6.png,6,bifurcation,112,279
6_6.png,6,ending,116,243
6_6.png,6,bifurcation,117,235
6_6.png,6,ending,119,274
6_6.png,6,ending,122,277
6_6.png,6,ending,124,247
6_6.png,6,ending,125,94
6_6.png,6,ending,127,182
6_6.png,6,bifurcation,127,256
6_6.png,6,bifurcation,128,226
6_6.png,6,ending,128,231
6_6.png,6,ending,131,233
6_6.png,6,ending,134,321
6_6.png,6,ending,140,240
6_6.png,6,ending,140,261
6_6.png,6,ending,146,268
6_6.png,6,ending,148,321
6_6.png,6,ending,150,250
6_6.png,6,ending,153,276
6_6.png,6,ending,155,256
6_6.png,6,bifurcation,163,274
6_6.png,6,ending,163,321
6_6.png,6,ending,171,17
6_6.png,6,bifurcation,174,290
6_6.png,6,ending,175,320
6_6.png,6,ending,186,321
6_6.png,6,ending,189,281
6_6.png,6,ending,199,17
6_6.png,6,ending,199,321
6_6.png,6,ending,211,321
6_6.png,6,ending,217,17
6_6.png,6,ending,221,320
6_6.png,6,ending,223,201
6_6.png,6,ending,229,20
6_6.png,6,ending,230,48
6_6.png,6,ending,230,83
6_6.png,6,ending,230,320
6_6.png,6,ending,231,36
6_6.png,6,ending,231,60
6_6.png,6,ending,231,72
6_6.png,6,ending,231,97
6_6.png,6,ending,231,111
6_6.png,6,ending,231,122
6_6.png,6,ending,231,134
6_6.png,6,ending,231,146
6_6.png,6,ending,231,159
6_6.png,6,ending,231,173
6_6.png,6,ending,231,189
6_6.png,6,ending,231,208
6_6.png,6,ending,231,231
6_6.png,6,ending,231,254
6_6.png,6,ending,231,277
6_6.png,6,ending,231,304
6_7.png,6,ending,17,87
6_7.png,6,ending,17,99
6_7.png,6,ending,17,108
6_7.png,6,ending,17,118
6_7.png,6,ending,17,129
6_7.png,6,ending,17,141
6_7.png,6,ending,17,152
6_7.png,6,ending,17,164
6_7.png,6,ending,17,176
6_7.png,6,ending,17,187
6_7.png,6,ending,17,198
6_7.png,6,ending,17,210
6_7.png,6,ending,17,222
6_7.png,6,ending,17,233
6_7.png,6,ending,17,243
6_7.png,6,ending,17,253
6_7.png,6,ending,17,264
6_7.png,6,ending,17,274
6_7.png,6,ending,17,289
6_7.png,6,ending,17,303
6_7.png,6,ending,17,319
6_7.png,6,ending,18,44
6_7.png,6,ending,18,62
6_7.png,6,ending,18,74
6_7.png,6,ending,19,52
6_7.png,6,ending,24,321
6_7.png,6,bifurcation,29,104
6_7.png,6,ending,32,26
6_7.png,6,ending,36,320
6_7.png,6,ending,45,321
6_7.png,6,bifurcation,46,156
6_7.png,6,bifurcation,47,20
6_7.png,6,bifurcation,48,232
6_7.png,6,ending,49,21
6_7.png,6,ending,57,321
6_7.png,6,ending,65,185
6_7.png,6,bifurcation,69,235
6_7.png,6,bifurcation,70,76
6_7.png,6,ending,72,321
6_7.png,6,ending,73,17
6_7.png,6,ending,77,17
6_7.png,6,bifurcation,77,319
6_7.png,6,bifurcation,83,85
6_7.png,6,ending,86,75
6_7.png,6,bifurcation,88,51
6_7.png,6,ending,90,33
6_7.png,6,bifurcation,106,58
6_7.png,6,ending,107,320
6_7.png,6,ending,108,134
6_7.png,6,bifurcation,108,313
6_7.png,6,ending,114,136
6_7.png,6,ending,119,136
6_7.png,6,bifurcation,119,318
6_7.png,6,bifurcation,120,289
6_7.png,6,bifurcation,123,318
6_7.png,6,ending,125,321
6_7.png,6,bifurcation,126,277
6_7.png,6,ending,126,318
6_7.png,6,ending,129,317
6_7.png,6,ending,134,288
6_7.png,6,ending,135,224
6_7.png,6,ending,135,320
6_7.png,6,bifurcation,137,298
6_7.png,6,ending,139,274
6_7.png,6,ending,146,321
6_7.png,6,ending,147,280
6_7.png,6,ending,149,44
6_7.png,6,ending,149,301
6_7.png,6,ending,150,17
6_7.png,6,ending,156,309
6_7.png,6,ending,160,291
6_7.png,6,ending,161,321
6_7.png,6,ending,164,296
6_7.png,6,ending,165,318
6_7.png,6,bifurcation,173,315
6_7.png,6,ending,177,19
6_7.png,6,ending,178,321
6_7.png,6,ending,184,321
6_7.png,6,ending,191,26
6_7.png,6,bifurcation,192,32
6_7.png,6,ending,195,31
6_7.png,6,ending,195,321
6_7.png,6,ending,200,321
6_7.png,6,ending,206,42
6_7.png,6,bifurcation,207,60
6_7.png,6,ending,210,321
6_7.png,6,ending,222,72
6_7.png,6,bifurcation,222,82
6_7.png,6,ending,222,84
6_7.png,6,bifurcation,223,94
6_7.png,6,ending,224,78
6_7.png,6,ending,224,89
6_7.png,6,bifurcation,224,94
6_7.png,6,ending,224,321
6_7.png,6,bifurcation,225,96
6_7.png,6,ending,230,151
6_7.png,6,ending,230,183
6_7.png,6,ending,230,194
6_7.png,6,ending,231,104
6_7.png,6,ending,231,115
6_7.png,6,ending,231,128
6_7.png,6,ending,231,140
6_7.png,6,ending,231,163
6_7.png,6,ending,231,173
6_7.png,6,ending,231,206
6_7.png,6,ending,231,220
6_7.png,6,ending,231,232
6_7.png,6,ending,231,238
6_7.png,6,ending,231,254
6_7.png,6,ending,231,274
6_7.png,6,ending,231,297
6_7.png,6,ending,231,317
6_8.png,6,ending,17,69
6_8.png,6,ending,17,77
6_8.png,6,ending,17,89
6_8.png,6,ending,17,101
6_8.png,6,ending,17,113
6_8.png,6,ending,17,125
6_8.png,6,ending,17,135
6_8.png,6,ending,17,147
6_8.png,6,ending,17,169
6_8.png,6,ending,17,179
6_8.png,6,ending,17,189
6_8.png,6,ending,17,199
6_8.png,6,ending,17,210
6_8.png,6,ending,17,220
6_8.png,6,ending,17,232
6_8.png,6,ending,17,244
6_8.png,6,ending,17,254
6_8.png,6,ending,17,264
6_8.png,6,ending,17,275
6_8.png,6,ending,17,286
6_8.png,6,ending,17,297
6_8.png,6,ending,17,311
6_8.png,6,ending,17,320
6_8.png,6,ending,19,44
6_8.png,6,ending,19,55
6_8.png,6,ending,19,157
6_8.png,6,ending,20,36
6_8.png,6,bifurcation,21,156
6_8.png,6,ending,31,321
6_8.png,6,ending,37,20
6_8.png,6,bifurcation,37,232
6_8.png,6,ending,40,184
6_8.png,6,bifurcation,41,316
6_8.png,6,bifurcation,53,77
6_8.png,6,ending,60,321
6_8.png,6,ending,66,91
6_8.png,6,ending,67,78
6_8.png,6,bifurcation,67,313
6_8.png,6,ending,68,321
6_8.png,6,bifurcation,72,55
6_8.png,6,bifurcation,72,308
6_8.png,6,ending,73,36
6_8.png,6,bifurcation,83,315
6_8.png,6,ending,86,137
6_8.png,6,bifurcation,87,286
6_8.png,6,bifurcation,88,62
6_8.png,6,ending,91,138
6_8.png,6,bifurcation,91,273
6_8.png,6,ending,94,139
6_8.png,6,ending,94,313
6_8.png,6,ending,96,321
6_8.png,6,ending,97,315
6_8.png,6,ending,98,285
6_8.png,6,ending,100,221
6_8.png,6,ending,106,272
6_8.png,6,ending,108,294
6_8.png,6,ending,113,17
6_8.png,6,ending,114,277
6_8.png,6,ending,114,321
6_8.png,6,ending,116,299
6_8.png,6,ending,120,305
6_8.png,6,ending,125,288
6_8.png,6,ending,128,292
6_8.png,6,ending,130,314
6_8.png,6,ending,131,321
6_8.png,6,ending,135,50
6_8.png,6,bifurcation,137,311
6_8.png,6,ending,145,321
6_8.png,6,ending,146,17
6_8.png,6,ending,150,320
6_8.png,6,bifurcation,155,28
6_8.png,6,ending,159,320
6_8.png,6,bifurcation,171,319
6_8.png,6,ending,172,17
6_8.png,6,ending,174,320
6_8.png,6,ending,188,320
6_8.png,6,ending,192,18
6_8.png,6,bifurcation,192,23
6_8.png,6,ending,196,237
6_8.png,6,ending,199,18
6_8.png,6,ending,199,30
6_8.png,6,bifurcation,199,60
6_8.png,6,ending,203,321
6_8.png,6,ending,205,40
6_8.png,6,ending,209,37
6_8.png,6,ending,215,49
6_8.png,6,ending,215,321
6_8.png,6,ending,217,171
6_8.png,6,ending,222,58
6_8.png,6,ending,222,82
6_8.png,6,ending,223,71
6_8.png,6,bifurcation,223,104
6_8.png,6,ending,223,175
6_8.png,6,bifurcation,224,94
6_8.png,6,ending,224,122
6_8.png,6,ending,225,80
6_8.png,6,ending,225,111
6_8.png,6,ending,225,134
6_8.png,6,ending,226,320
6_8.png,6,ending,227,189
6_8.png,6,ending,230,192
6_8.png,6,ending,231,153
6_8.png,6,ending,231,165
6_8.png,6,ending,231,186
6_8.png,6,ending,231,192
6_8.png,6,ending,231,205
6_8.png,6,ending,231,218
6_8.png,6,ending,231,233
6_8.png,6,ending,231,249
6_8.png,6,ending,231,268
6_8.png,6,ending,231,291
6_8.png,6,ending,231,317
7_1.png,7,ending,17,73
7_1.png,7,ending,17,87
7_1.png,7,ending,17,99
7_1.png,7,ending,17,113
7_1.png,7,ending,17,125
7_1.png,7,ending,17,137
7_1.png,7,ending,17,151
7_1.png,7,ending,17,164
7_1.png,7,ending,17,177
7_1.png,7,ending,17,195
7_1.png,7,ending,17,212
7_1.png,7,ending,17,228
7_1.png,7,ending,17,247
7_1.png,7,ending,17,263
7_1.png,7,ending,17,279
7_1.png,7,ending,17,290
7_1.png,7,ending,17,303
7_1.png,7,ending,17,318
7_1.png,7,ending,18,21
7_1.png,7,ending,18,33
7_1.png,7,ending,18,47
7_1.png,7,ending,18,58
7_1.png,7,ending,23,166
7_1.png,7,ending,23,320
7_1.png,7,ending,26,17
7_1.png,7,ending,29,144
7_1.png,7,ending,32,92
7_1.png,7,ending,34,139
7_1.png,7,ending,35,321
7_1.png,7,ending,37,189
7_1.png,7,bifurcation,45,270
7_1.png,7,ending,47,217
7_1.png,7,bifurcation,47,220
7_1.png,7,ending,49,212
7_1.png,7,ending,51,17
7_1.png,7,ending,51,23
7_1.png,7,ending,51,91
7_1.png,7,ending,53,151
7_1.png,7,ending,53,320
7_1.png,7,ending,58,321
7_1.png,7,ending,67,241
7_1.png,7,ending,70,177
7_1.png,7,ending,71,287
7_1.png,7,bifurcation,71,288
7_1.png,7,bifurcation,77,212
7_1.png,7,bifurcation,78,238
7_1.png,7,ending,78,321
7_1.png,7,ending,79,218
7_1.png,7,bifurcation,81,217
7_1.png,7,ending,87,260
7_1.png,7,bifurcation,92,239
7_1.png,7,bifurcation,92,304
7_1.png,7,ending,93,290
7_1.png,7,bifurcation,95,273
7_1.png,7,bifurcation,96,112
7_1.png,7,ending,96,282
7_1.png,7,ending,96,293
7_1.png,7,bifurcation,97,239
7_1.png,7,ending,99,256
7_1.png,7,ending,101,292
7_1.png,7,bifurcation,102,245
7_1.png,7,bifurcation,102,291
7_1.png,7,bifurcation,102,303
7_1.png,7,bifurcation,104,282
7_1.png,7,bifurcation,104,295
7_1.png,7,ending,106,319
7_1.png,7,ending,107,302
7_1.png,7,bifurcation,109,302
7_1.png,7,bifurcation,110,271
7_1.png,7,bifurcation,110,285
7_1.png,7,bifurcation,110,288
7_1.png,7,bifurcation,112,273
7_1.png,7,bifurcation,113,242
7_1.png,7,bifurcation,113,300
7_1.png,7,ending,115,219
7_1.png,7,bifurcation,115,303
7_1.png,7,bifurcation,116,225
7_1.png,7,ending,119,96
7_1.png,7,bifurcation,119,145
7_1.png,7,ending,121,257
7_1.png,7,bifurcation,129,293
7_1.png,7,bifurcation,130,306
7_1.png,7,ending,131,188
7_1.png,7,ending,138,17
7_1.png,7,bifurcation,138,298
7_1.png,7,ending,138,302
7_1.png,7,ending,140,199
7_1.png,7,ending,144,183
7_1.png,7,ending,144,204
7_1.png,7,ending,145,82
7_1.png,7,bifurcation,149,161
7_1.png,7,ending,152,321
7_1.png,7,bifurcation,154,206
7_1.png,7,bifurcation,158,237
7_1.png,7,ending,160,268
7_1.png,7,ending,161,17
7_1.png,7,bifurcation,161,215
7_1.png,7,bifurcation,162,218
7_1.png,7,bifurcation,163,306
7_1.png,7,ending,167,312
7_1.png,7,bifurcation,173,300
7_1.png,7,bifurcation,175,311
7_1.png,7,ending,176,103
7_1.png,7,bifurcation,176,320
7_1.png,7,bifurcation,180,164
7_1.png,7,ending,181,17
7_1.png,7,ending,183,110
7_1.png,7,ending,186,321
7_1.png,7,bifurcation,191,164
7_1.png,7,ending,197,17
7_1.png,7,ending,199,55
7_1.png,7,bifurcation,201,155
7_1.png,7,ending,202,151
7_1.png,7,ending,207,23
7_1.png,7,ending,207,320
7_1.png,7,ending,209,17
7_1.png,7,bifurcation,209,305
7_1.png,7,bifurcation,210,299
7_1.png,7,ending,210,321
7_1.png,7,ending,212,320
7_1.png,7,ending,217,69
7_1.png,7,bifurcation,218,290
7_1.png,7,ending,219,20
7_1.png,7,bifurcation,221,144
7_1.png,7,bifurcation,222,65
7_1.png,7,bifurcation,222,88
7_1.png,7,ending,222,297
7_1.png,7,ending,223,91
7_1.png,7,ending,224,32
7_1.png,7,ending,224,43
7_1.png,7,ending,224,49
7_1.png,7,ending,224,51
7_1.png,7,ending,224,62
7_1.png,7,ending,224,79
7_1.png,7,ending,224,94
7_1.png,7,ending,225,88
7_1.png,7,ending,225,94
7_1.png,7,ending,225,107
7_1.png,7,ending,225,124
7_1.png,7,bifurcation,225,308
7_1.png,7,bifurcation,225,310
7_1.png,7,bifurcation,226,267
7_1.png,7,ending,229,159
7_1.png,7,ending,231,146
7_1.png,7,ending,231,148
7_1.png,7,ending,231,182
7_1.png,7,ending,231,198
7_1.png,7,ending,231,217
7_1.png,7,ending,231,230
7_1.png,7,ending,231,246
7_1.png,7,ending,231,256
7_1.png,7,ending,231,276
7_1.png,7,delta,64,224
7_1.png,7,delta,80,224
7_1.png,7,delta,64,240
7_1.png,7,delta,80,240
7_1.png,7,loop,80,288
7_1.png,7,loop,96,288
7_2.png,7,ending,17,78
7_2.png,7,ending,17,91
7_2.png,7,ending,17,104
7_2.png,7,ending,17,116
7_2.png,7,ending,17,128
7_2.png,7,ending,17,142
7_2.png,7,ending,17,154
7_2.png,7,ending,17,166
7_2.png,7,ending,17,182
7_2.png,7,ending,17,199
7_2.png,7,ending,17,215
7_2.png,7,ending,17,233
7_2.png,7,ending,17,248
7_2.png,7,ending,17,261
7_2.png,7,ending,17,274
7_2.png,7,ending,17,287
7_2.png,7,ending,17,299
7_2.png,7,ending,17,313
7_2.png,7,ending,18,26
7_2.png,7,ending,18,37
7_2.png,7,ending,18,48
7_2.png,7,ending,18,65
7_2.png,7,ending,18,321
7_2.png,7,ending,22,158
7_2.png,7,ending,30,134
7_2.png,7,ending,32,83
7_2.png,7,ending,33,321
7_2.png,7,ending,34,130
7_2.png,7,ending,35,179
7_2.png,7,ending,38,17
7_2.png,7,ending,42,249
7_2.png,7,ending,47,18
7_2.png,7,ending,47,203
7_2.png,7,bifurcation,49,310
7_2.png,7,ending,50,81
7_2.png,7,ending,50,321
7_2.png,7,ending,54,17
7_2.png,7,ending,54,141
7_2.png,7,ending,69,167
7_2.png,7,ending,69,321
7_2.png,7,bifurcation,72,222
7_2.png,7,bifurcation,72,226
7_2.png,7,ending,79,321
7_2.png,7,bifurcation,80,204
7_2.png,7,ending,84,247
7_2.png,7,bifurcation,87,274
7_2.png,7,bifurcation,89,224
7_2.png,7,bifurcation,89,303
7_2.png,7,bifurcation,91,305
7_2.png,7,ending,92,285
7_2.png,7,ending,94,216
7_2.png,7,bifurcation,94,261
7_2.png,7,bifurcation,94,270
7_2.png,7,bifurcation,94,297
7_2.png,7,ending,95,267
7_2.png,7,bifurcation,96,103
7_2.png,7,ending,96,241
7_2.png,7,bifurcation,97,290
7_2.png,7,bifurcation,99,216
7_2.png,7,bifurcation,99,302
7_2.png,7,ending,100,224
7_2.png,7,bifurcation,101,231
7_2.png,7,bifurcation,108,274
7_2.png,7,bifurcation,108,289
7_2.png,7,bifurcation,112,229
7_2.png,7,ending,119,17
7_2.png,7,ending,120,86
7_2.png,7,ending,121,141
7_2.png,7,ending,121,247
7_2.png,7,ending,129,177
7_2.png,7,ending,139,188
7_2.png,7,ending,143,193
7_2.png,7,ending,144,72
7_2.png,7,ending,144,153
7_2.png,7,ending,144,174
7_2.png,7,ending,149,321
7_2.png,7,ending,150,17
7_2.png,7,ending,152,200
7_2.png,7,bifurcation,157,225
7_2.png,7,ending,158,196
7_2.png,7,bifurcation,161,206
7_2.png,7,ending,162,290
7_2.png,7,bifurcation,164,256
7_2.png,7,ending,169,17
7_2.png,7,bifurcation,169,320
7_2.png,7,ending,173,92
7_2.png,7,ending,173,309
7_2.png,7,ending,179,321
7_2.png,7,bifurcation,180,154
7_2.png,7,ending,182,100
7_2.png,7,ending,186,17
7_2.png,7,bifurcation,191,153
7_2.png,7,ending,196,43
7_2.png,7,ending,206,17
7_2.png,7,ending,209,320
7_2.png,7,bifurcation,212,63
7_2.png,7,ending,212,318
7_2.png,7,ending,216,320
7_2.png,7,bifurcation,217,282
7_2.png,7,bifurcation,221,73
7_2.png,7,bifurcation,221,302
7_2.png,7,ending,221,321
7_2.png,7,bifurcation,222,45
7_2.png,7,bifurcation,222,56
7_2.png,7,bifurcation,222,300
7_2.png,7,ending,223,63
7_2.png,7,ending,224,32
7_2.png,7,ending,224,42
7_2.png,7,ending,224,52
7_2.png,7,ending,224,69
7_2.png,7,ending,224,110
7_2.png,7,ending,224,250
7_2.png,7,bifurcation,224,314
7_2.png,7,ending,225,84
7_2.png,7,ending,225,97
7_2.png,7,bifurcation,226,288
7_2.png,7,ending,229,320
7_2.png,7,ending,231,136
7_2.png,7,ending,231,150
7_2.png,7,ending,231,171
7_2.png,7,ending,231,189
7_2.png,7,ending,231,207
7_2.png,7,ending,231,222
7_2.png,7,ending,231,235
7_2.png,7,ending,231,250
7_2.png,7,ending,231,267
7_2.png,7,ending,231,274
7_2.png,7,ending,231,280
7_2.png,7,ending,231,295
7_2.png,7,ending,231,310
7_2.png,7,delta,64,208
7_2.png,7,delta,80,208
7_2.png,7,delta,64,224
7_2.png,7,delta,80,224
7_2.png,7,loop,80,240
7_2.png,7,loop,96,240
7_2.png,7,loop,80,256
7_2.png,7,loop,96,256
7_3.png,7,ending,17,225
7_3.png,7,ending,17,237
7_3.png,7,ending,17,254
7_3.png,7,ending,17,270
7_3.png,7,ending,17,287
7_3.png,7,ending,17,302
7_3.png,7,ending,17,316
7_3.png,7,ending,18,88
7_3.png,7,ending,18,94
7_3.png,7,ending,18,103
7_3.png,7,ending,18,114
7_3.png,7,ending,18,130
7_3.png,7,ending,18,142
7_3.png,7,ending,18,156
7_3.png,7,ending,18,169
7_3.png,7,ending,18,181
7_3.png,7,ending,18,193
7_3.png,7,ending,18,210
7_3.png,7,ending,19,86
7_3.png,7,bifurcation,20,94
7_3.png,7,ending,20,321
7_3.png,7,bifurcation,22,97
7_3.png,7,ending,29,79
7_3.png,7,ending,32,79
7_3.png,7,ending,33,320
7_3.png,7,ending,34,43
7_3.png,7,ending,34,53
7_3.png,7,ending,34,65
7_3.png,7,ending,35,210
7_3.png,7,ending,37,36
7_3.png,7,ending,42,187
7_3.png,7,bifurcation,44,41
7_3.png,7,ending,45,321
7_3.png,7,ending,47,136
7_3.png,7,ending,47,183
7_3.png,7,ending,51,231
7_3.png,7,ending,55,303
7_3.png,7,ending,58,321
7_3.png,7,bifurcation,62,22
7_3.png,7,ending,62,254
7_3.png,7,ending,63,20
7_3.png,7,ending,65,133
7_3.png,7,ending,65,194
7_3.png,7,ending,66,18
7_3.png,7,ending,66,68
7_3.png,7,ending,74,320
7_3.png,7,ending,79,274
7_3.png,7,ending,80,279
7_3.png,7,ending,81,17
7_3.png,7,ending,82,219
7_3.png,7,ending,86,321
7_3.png,7,bifurcation,88,254
7_3.png,7,bifurcation,93,295
7_3.png,7,ending,102,318
7_3.png,7,bifurcation,103,278
7_3.png,7,bifurcation,105,316
7_3.png,7,ending,107,269
7_3.png,7,ending,107,317
7_3.png,7,ending,109,256
7_3.png,7,bifurcation,110,155
7_3.png,7,bifurcation,111,269
7_3.png,7,bifurcation,111,282
7_3.png,7,ending,112,314
7_3.png,7,ending,113,278
7_3.png,7,bifurcation,113,280
7_3.png,7,bifurcation,113,288
7_3.png,7,ending,114,52
7_3.png,7,bifurcation,114,256
7_3.png,7,ending,115,17
7_3.png,7,ending,118,282
7_3.png,7,ending,120,321
7_3.png,7,bifurcation,125,282
7_3.png,7,ending,132,192
7_3.png,7,ending,134,298
7_3.png,7,ending,135,138
7_3.png,7,ending,143,230
7_3.png,7,ending,146,321
7_3.png,7,ending,151,240
7_3.png,7,ending,156,204
7_3.png,7,ending,157,226
7_3.png,7,ending,157,246
7_3.png,7,ending,160,125
7_3.png,7,ending,161,246
7_3.png,7,ending,163,17
7_3.png,7,bifurcation,163,245
7_3.png,7,ending,164,321
7_3.png,7,ending,165,253
7_3.png,7,ending,167,218
7_3.png,7,bifurcation,169,278
7_3.png,7,ending,170,220
7_3.png,7,ending,173,250
7_3.png,7,ending,176,41
7_3.png,7,bifurcation,177,309
7_3.png,7,bifurcation,180,49
7_3.png,7,ending,180,321
7_3.png,7,ending,182,259
7_3.png,7,ending,183,33
7_3.png,7,bifurcation,183,36
7_3.png,7,ending,186,219
7_3.png,7,ending,187,213
7_3.png,7,ending,188,17
7_3.png,7,ending,190,147
7_3.png,7,ending,192,32
7_3.png,7,ending,193,19
7_3.png,7,bifurcation,193,207
7_3.png,7,ending,194,321
7_3.png,7,ending,198,153
7_3.png,7,bifurcation,205,207
7_3.png,7,ending,211,321
7_3.png,7,ending,214,50
7_3.png,7,ending,215,100
7_3.png,7,ending,223,321
7_3.png,7,bifurcation,226,68
7_3.png,7,bifurcation,227,194
7_3.png,7,ending,229,318
7_3.png,7,ending,231,77
7_3.png,7,ending,231,91
7_3.png,7,ending,231,112
7_3.png,7,ending,231,124
7_3.png,7,ending,231,139
7_3.png,7,ending,231,155
7_3.png,7,ending,231,171
7_3.png,7,ending,231,206
7_3.png,7,ending,231,224
7_3.png,7,ending,231,238
7_3.png,7,ending,231,258
7_3.png,7,ending,231,272
7_3.png,7,ending,231,286
7_3.png,7,ending,231,297
7_3.png,7,ending,231,310
7_3.png,7,delta,64,256
7_3.png,7,delta,80,256
7_3.png,7,delta,64,272
7_3.png,7,delta,80,272
7_4.png,7,ending,17,91
7_4.png,7,ending,17,104
7_4.png,7,ending,17,132
7_4.png,7,ending,17,150
7_4.png,7,ending,17,168
7_4.png,7,ending,17,185
7_4.png,7,ending,17,216
7_4.png,7,ending,17,229
7_4.png,7,ending,17,242
7_4.png,7,ending,17,257
7_4.png,7,ending,17,275
7_4.png,7,ending,18,25
7_4.png,7,ending,18,39
7_4.png,7,ending,18,52
7_4.png,7,ending,18,65
7_4.png,7,ending,18,77
7_4.png,7,ending,18,198
7_4.png,7,ending,18,289
7_4.png,7,ending,21,92
7_4.png,7,ending,21,297
7_4.png,7,ending,23,39
7_4.png,7,ending,27,87
7_4.png,7,ending,27,303
7_4.png,7,ending,29,138
7_4.png,7,bifurcation,30,303
7_4.png,7,ending,31,307
7_4.png,7,ending,33,17
7_4.png,7,ending,34,312
7_4.png,7,ending,34,320
7_4.png,7,bifurcation,35,282
7_4.png,7,ending,36,210
7_4.png,7,ending,37,293
7_4.png,7,bifurcation,37,312
7_4.png,7,ending,38,276
7_4.png,7,bifurcation,41,165
7_4.png,7,ending,42,296
7_4.png,7,ending,42,321
7_4.png,7,ending,44,35
7_4.png,7,bifurcation,45,273
7_4.png,7,bifurcation,46,104
7_4.png,7,ending,48,234
7_4.png,7,ending,55,237
7_4.png,7,ending,57,321
7_4.png,7,ending,62,17
7_4.png,7,bifurcation,62,130
7_4.png,7,ending,65,177
7_4.png,7,bifurcation,65,180
7_4.png,7,bifurcation,65,187
7_4.png,7,bifurcation,66,180
7_4.png,7,bifurcation,66,317
7_4.png,7,bifurcation,69,159
7_4.png,7,ending,70,311
7_4.png,7,ending,71,288
7_4.png,7,ending,73,176
7_4.png,7,bifurcation,74,173
7_4.png,7,ending,74,305
7_4.png,7,bifurcation,77,240
7_4.png,7,bifurcation,78,266
7_4.png,7,ending,79,207
7_4.png,7,ending,79,264
7_4.png,7,ending,80,189
7_4.png,7,ending,80,242
7_4.png,7,ending,80,247
7_4.png,7,bifurcation,81,253
7_4.png,7,bifurcation,81,285
7_4.png,7,bifurcation,82,250
7_4.png,7,bifurcation,82,268
7_4.png,7,ending,87,321
7_4.png,7,ending,88,275
7_4.png,7,bifurcation,89,59
7_4.png,7,ending,90,227
7_4.png,7,ending,91,257
7_4.png,7,ending,93,270
7_4.png,7,bifurcation,94,250
7_4.png,7,ending,94,284
7_4.png,7,bifurcation,95,175
7_4.png,7,bifurcation,95,192
7_4.png,7,bifurcation,95,195
7_4.png,7,ending,95,221
7_4.png,7,ending,95,230
7_4.png,7,bifurcation,95,264
7_4.png,7,bifurcation,96,243
7_4.png,7,bifurcation,97,233
7_4.png,7,bifurcation,101,262
7_4.png,7,bifurcation,102,291
7_4.png,7,bifurcation,104,233
7_4.png,7,bifurcation,104,248
7_4.png,7,ending,105,193
7_4.png,7,ending,112,17
7_4.png,7,ending,112,95
7_4.png,7,bifurcation,112,289
7_4.png,7,bifurcation,112,303
7_4.png,7,ending,114,40
7_4.png,7,bifurcation,114,303
7_4.png,7,ending,115,203
7_4.png,7,bifurcation,116,223
7_4.png,7,bifurcation,121,226
7_4.png,7,ending,122,211
7_4.png,7,ending,124,133
7_4.png,7,bifurcation,124,216
7_4.png,7,ending,132,142
7_4.png,7,ending,134,17
7_4.png,7,ending,135,106
7_4.png,7,ending,137,128
7_4.png,7,ending,138,150
7_4.png,7,bifurcation,141,23
7_4.png,7,ending,144,181
7_4.png,7,ending,146,119
7_4.png,7,ending,146,156
7_4.png,7,ending,147,17
7_4.png,7,bifurcation,152,120
7_4.png,7,ending,153,152
7_4.png,7,bifurcation,155,160
7_4.png,7,ending,158,159
7_4.png,7,bifurcation,159,212
7_4.png,7,ending,159,248
7_4.png,7,ending,163,162
7_4.png,7,bifurcation,164,267
7_4.png,7,ending,167,17
7_4.png,7,ending,167,46
7_4.png,7,bifurcation,168,279
7_4.png,7,bifurcation,172,107
7_4.png,7,ending,177,54
7_4.png,7,bifurcation,178,305
7_4.png,7,bifurcation,181,285
7_4.png,7,ending,183,281
7_4.png,7,ending,187,17
7_4.png,7,ending,189,106
7_4.png,7,ending,202,17
7_4.png,7,bifurcation,205,278
7_4.png,7,bifurcation,205,289
7_4.png,7,ending,205,299
7_4.png,7,ending,206,279
7_4.png,7,ending,207,287
7_4.png,7,ending,207,292
7_4.png,7,bifurcation,207,311
7_4.png,7,bifurcation,208,320
7_4.png,7,bifurcation,212,236
7_4.png,7,bifurcation,216,269
7_4.png,7,ending,218,17
7_4.png,7,bifurcation,218,319
7_4.png,7,ending,220,206
7_4.png,7,ending,220,297
7_4.png,7,bifurcation,221,33
7_4.png,7,ending,221,39
7_4.png,7,bifurcation,222,260
7_4.png,7,bifurcation,222,272
7_4.png,7,bifurcation,222,288
7_4.png,7,bifurcation,223,259
7_4.png,7,ending,223,262
7_4.png,7,ending,223,300
7_4.png,7,bifurcation,223,304
7_4.png,7,ending,223,316
7_4.png,7,bifurcation,224,243
7_4.png,7,bifurcation,224,320
7_4.png,7,ending,225,22
7_4.png,7,ending,225,39
7_4.png,7,ending,225,294
7_4.png,7,ending,227,229
7_4.png,7,bifurcation,229,272
7_4.png,7,ending,230,62
7_4.png,7,ending,230,295
7_4.png,7,ending,230,308
7_4.png,7,ending,231,49
7_4.png,7,ending,231,50
7_4.png,7,ending,231,82
7_4.png,7,ending,231,98
7_4.png,7,ending,231,113
7_4.png,7,ending,231,128
7_4.png,7,ending,231,151
7_4.png,7,ending,231,169
7_4.png,7,ending,231,184
7_4.png,7,ending,231,197
7_4.png,7,ending,231,211
7_4.png,7,ending,231,224
7_4.png,7,ending,231,242
7_4.png,7,ending,231,253
7_4.png,7,ending,231,320
7_4.png,7,delta,48,160
7_4.png,7,delta,64,160
7_4.png,7,delta,48,176
7_4.png,7,delta,64,176
7_4.png,7,loop,80,208
7_4.png,7,loop,96,208
7_4.png,7,loop,80,224
7_4.png,7,loop,96,224
7_5.png,7,ending,17,35
7_5.png,7,ending,17,48
7_5.png,7,ending,17,62
7_5.png,7,ending,17,71
7_5.png,7,ending,17,79
7_5.png,7,ending,17,87
7_5.png,7,ending,17,98
7_5.png,7,ending,17,109
7_5.png,7,ending,17,121
7_5.png,7,ending,17,127
7_5.png,7,ending,17,128
7_5.png,7,ending,17,138
7_5.png,7,ending,17,154
7_5.png,7,ending,17,169
7_5.png,7,ending,17,192
7_5.png,7,ending,17,208
7_5.png,7,ending,17,220
7_5.png,7,ending,17,231
7_5.png,7,ending,17,250
7_5.png,7,ending,17,268
7_5.png,7,ending,17,281
7_5.png,7,ending,17,292
7_5.png,7,ending,17,306
7_5.png,7,ending,18,17
7_5.png,7,ending,18,25
7_5.png,7,ending,18,178
7_5.png,7,ending,18,319
7_5.png,7,ending,19,17
7_5.png,7,ending,23,247
7_5.png,7,ending,28,321
7_5.png,7,ending,30,199
7_5.png,7,bifurcation,30,307
7_5.png,7,ending,35,78
7_5.png,7,ending,35,139
7_5.png,7,ending,48,225
7_5.png,7,ending,48,321
7_5.png,7,bifurcation,51,320
7_5.png,7,ending,52,164
7_5.png,7,ending,53,224
7_5.png,7,bifurcation,54,225
7_5.png,7,bifurcation,58,221
7_5.png,7,bifurcation,59,198
7_5.png,7,ending,62,17
7_5.png,7,ending,65,244
7_5.png,7,bifurcation,67,273
7_5.png,7,ending,69,17
7_5.png,7,bifurcation,70,287
7_5.png,7,bifurcation,72,222
7_5.png,7,bifurcation,75,256
7_5.png,7,bifurcation,75,299
7_5.png,7,ending,76,213
7_5.png,7,ending,76,279
7_5.png,7,ending,77,264
7_5.png,7,bifurcation,78,223
7_5.png,7,ending,78,274
7_5.png,7,bifurcation,79,99
7_5.png,7,bifurcation,79,212
7_5.png,7,ending,79,256
7_5.png,7,ending,80,258
7_5.png,7,bifurcation,81,232
7_5.png,7,ending,81,270
7_5.png,7,bifurcation,81,272
7_5.png,7,ending,83,224
7_5.png,7,ending,88,321
7_5.png,7,bifurcation,90,271
7_5.png,7,bifurcation,94,226
7_5.png,7,bifurcation,101,131
7_5.png,7,ending,103,242
7_5.png,7,ending,106,80
7_5.png,7,ending,106,321
7_5.png,7,ending,113,175
7_5.png,7,ending,120,184
7_5.png,7,ending,124,17
7_5.png,7,ending,127,171
7_5.png,7,ending,127,191
7_5.png,7,ending,131,67
7_5.png,7,bifurcation,133,148
7_5.png,7,ending,135,197
7_5.png,7,ending,137,161
7_5.png,7,ending,138,163
7_5.png,7,bifurcation,138,221
7_5.png,7,ending,140,252
7_5.png,7,ending,141,321
7_5.png,7,ending,142,193
7_5.png,7,bifurcation,144,202
7_5.png,7,ending,144,286
7_5.png,7,ending,146,17
7_5.png,7,ending,146,317
7_5.png,7,ending,151,82
7_5.png,7,ending,152,83
7_5.png,7,ending,155,305
7_5.png,7,ending,161,91
7_5.png,7,bifurcation,164,151
7_5.png,7,ending,165,17
7_5.png,7,ending,169,97
7_5.png,7,ending,170,321
7_5.png,7,bifurcation,175,150
7_5.png,7,ending,181,17
7_5.png,7,ending,186,41
7_5.png,7,bifurcation,189,318
7_5.png,7,ending,195,320
7_5.png,7,bifurcation,198,278
7_5.png,7,ending,199,17
7_5.png,7,bifurcation,200,59
7_5.png,7,ending,200,319
7_5.png,7,ending,205,46
7_5.png,7,ending,205,321
7_5.png,7,ending,207,40
7_5.png,7,bifurcation,207,299
7_5.png,7,ending,208,251
7_5.png,7,bifurcation,208,271
7_5.png,7,ending,209,278
7_5.png,7,ending,210,33
7_5.png,7,ending,212,17
7_5.png,7,bifurcation,212,76
7_5.png,7,ending,216,313
7_5.png,7,bifurcation,216,317
7_5.png,7,bifurcation,218,83
7_5.png,7,ending,218,284
7_5.png,7,ending,222,24
7_5.png,7,bifurcation,222,270
7_5.png,7,ending,222,309
7_5.png,7,ending,223,201
7_5.png,7,ending,224,29
7_5.png,7,ending,224,30
7_5.png,7,ending,224,34
7_5.png,7,ending,224,36
7_5.png,7,bifurcation,224,197
7_5.png,7,bifurcation,224,254
7_5.png,7,ending,225,76
7_5.png,7,ending,225,203
7_5.png,7,ending,225,320
7_5.png,7,ending,230,199
7_5.png,7,ending,230,299
7_5.png,7,ending,231,104
7_5.png,7,ending,231,118
7_5.png,7,ending,231,136
7_5.png,7,ending,231,153
7_5.png,7,ending,231,172
7_5.png,7,ending,231,190
7_5.png,7,ending,231,213
7_5.png,7,ending,231,231
7_5.png,7,ending,231,250
7_5.png,7,ending,231,265
7_5.png,7,delta,48,208
7_5.png,7,delta,64,208
7_5.png,7,delta,48,224
7_5.png,7,delta,64,224
7_5.png,7,loop,64,240
7_5.png,7,loop,80,240
7_5.png,7,loop,64,256
7_5.png,7,loop,80,256
7_6.png,7,ending,17,28
7_6.png,7,ending,17,39
7_6.png,7,ending,17,50
7_6.png,7,ending,17,61
7_6.png,7,ending,17,73
7_6.png,7,ending,17,89
7_6.png,7,ending,17,103
7_6.png,7,ending,17,113
7_6.png,7,ending,17,125
7_6.png,7,ending,17,135
7_6.png,7,ending,17,146
7_6.png,7,ending,17,151
7_6.png,7,ending,17,164
7_6.png,7,ending,17,186
7_6.png,7,ending,17,205
7_6.png,7,ending,17,225
7_6.png,7,ending,17,243
7_6.png,7,ending,17,260
7_6.png,7,ending,17,275
7_6.png,7,ending,17,289
7_6.png,7,ending,17,303
7_6.png,7,ending,17,316
7_6.png,7,ending,21,321
7_6.png,7,ending,26,101
7_6.png,7,ending,26,199
7_6.png,7,bifurcation,29,149
7_6.png,7,ending,33,273
7_6.png,7,ending,38,320
7_6.png,7,ending,39,221
7_6.png,7,ending,43,17
7_6.png,7,ending,44,99
7_6.png,7,ending,44,160
7_6.png,7,ending,45,33
7_6.png,7,ending,48,321
7_6.png,7,bifurcation,59,193
7_6.png,7,bifurcation,62,250
7_6.png,7,bifurcation,65,244
7_6.png,7,ending,65,321
7_6.png,7,bifurcation,66,222
7_6.png,7,bifurcation,75,304
7_6.png,7,bifurcation,78,298
7_6.png,7,ending,80,287
7_6.png,7,bifurcation,81,249
7_6.png,7,bifurcation,81,289
7_6.png,7,bifurcation,82,272
7_6.png,7,bifurcation,82,316
7_6.png,7,bifurcation,83,300
7_6.png,7,ending,85,238
7_6.png,7,bifurcation,86,289
7_6.png,7,bifurcation,89,121
7_6.png,7,bifurcation,89,238
7_6.png,7,bifurcation,89,252
7_6.png,7,ending,89,268
7_6.png,7,bifurcation,93,300
7_6.png,7,ending,94,18
7_6.png,7,ending,94,253
7_6.png,7,bifurcation,94,312
7_6.png,7,bifurcation,94,317
7_6.png,7,ending,96,293
7_6.png,7,bifurcation,97,284
7_6.png,7,bifurcation,97,296
7_6.png,7,ending,98,17
7_6.png,7,bifurcation,101,301
7_6.png,7,bifurcation,101,316
7_6.png,7,ending,104,264
7_6.png,7,ending,112,273
7_6.png,7,bifurcation,113,111
7_6.png,7,ending,113,161
7_6.png,7,ending,122,199
7_6.png,7,ending,124,321
7_6.png,7,ending,129,210
7_6.png,7,ending,131,17
7_6.png,7,ending,136,174
7_6.png,7,ending,136,197
7_6.png,7,ending,136,217
7_6.png,7,ending,143,250
7_6.png,7,bifurcation,144,90
7_6.png,7,ending,145,188
7_6.png,7,bifurcation,145,219
7_6.png,7,ending,148,321
7_6.png,7,ending,149,283
7_6.png,7,bifurcation,150,227
7_6.png,7,ending,152,17
7_6.png,7,bifurcation,153,189
7_6.png,7,bifurcation,153,231
7_6.png,7,ending,154,319
7_6.png,7,ending,168,114
7_6.png,7,bifurcation,172,177
7_6.png,7,ending,172,321
7_6.png,7,ending,174,17
7_6.png,7,ending,178,123
7_6.png,7,bifurcation,184,178
7_6.png,7,ending,190,17
7_6.png,7,ending,190,321
7_6.png,7,bifurcation,198,78
7_6.png,7,ending,205,321
7_6.png,7,bifurcation,206,30
7_6.png,7,bifurcation,206,37
7_6.png,7,ending,208,27
7_6.png,7,bifurcation,208,30
7_6.png,7,bifurcation,208,312
7_6.png,7,ending,210,30
7_6.png,7,ending,210,82
7_6.png,7,ending,213,32
7_6.png,7,ending,215,76
7_6.png,7,ending,216,281
7_6.png,7,ending,222,321
7_6.png,7,ending,223,65
7_6.png,7,bifurcation,223,93
7_6.png,7,ending,223,97
7_6.png,7,bifurcation,223,308
7_6.png,7,ending,224,69
7_6.png,7,ending,224,70
7_6.png,7,ending,224,82
7_6.png,7,ending,224,92
7_6.png,7,ending,224,103
7_6.png,7,ending,224,105
7_6.png,7,ending,224,111
7_6.png,7,ending,224,147
7_6.png,7,ending,224,306
7_6.png,7,ending,224,320
7_6.png,7,ending,225,48
7_6.png,7,ending,225,133
7_6.png,7,ending,228,158
7_6.png,7,ending,228,159
7_6.png,7,ending,230,189
7_6.png,7,ending,231,173
7_6.png,7,ending,231,208
7_6.png,7,ending,231,232
7_6.png,7,ending,231,250
7_6.png,7,ending,231,266
7_6.png,7,ending,231,279
7_6.png,7,ending,231,290
7_6.png,7,ending,231,311
7_6.png,7,delta,48,224
7_6.png,7,delta,64,224
7_6.png,7,delta,48,240
7_6.png,7,delta,64,240
7_6.png,7,loop,64,272
7_6.png,7,loop,80,272
7_6.png,7,loop,64,288
7_6.png,7,loop,80,288
7_7.png,7,ending,17,40
7_7.png,7,ending,17,51
7_7.png,7,ending,17,63
7_7.png,7,ending,17,76
7_7.png,7,ending,17,99
7_7.png,7,ending,17,111
7_7.png,7,ending,17,123
7_7.png,7,ending,17,134
7_7.png,7,ending,17,150
7_7.png,7,ending,17,160
7_7.png,7,ending,17,170
7_7.png,7,ending,17,181
7_7.png,7,ending,17,195
7_7.png,7,ending,17,210
7_7.png,7,ending,17,225
7_7.png,7,ending,17,238
7_7.png,7,ending,17,249
7_7.png,7,ending,17,263
7_7.png,7,ending,17,281
7_7.png,7,ending,17,292
7_7.png,7,ending,17,303
7_7.png,7,ending,17,314
7_7.png,7,ending,17,320
7_7.png,7,ending,18,21
7_7.png,7,ending,18,142
7_7.png,7,ending,19,29
7_7.png,7,ending,19,87
7_7.png,7,ending,21,267
7_7.png,7,ending,24,17
7_7.png,7,ending,27,206
7_7.png,7,ending,29,144
7_7.png,7,bifurcation,31,83
7_7.png,7,ending,31,321
7_7.png,7,bifurcation,43,239
7_7.png,7,ending,45,321
7_7.png,7,bifurcation,46,41
7_7.png,7,bifurcation,47,289
7_7.png,7,ending,47,299
7_7.png,7,bifurcation,50,267
7_7.png,7,ending,60,320
7_7.png,7,bifurcation,62,314
7_7.png,7,bifurcation,64,296
7_7.png,7,ending,66,321
7_7.png,7,bifurcation,72,298
7_7.png,7,bifurcation,73,306
7_7.png,7,bifurcation,75,168
7_7.png,7,ending,76,321
7_7.png,7,ending,77,298
7_7.png,7,ending,84,307
7_7.png,7,ending,89,313
7_7.png,7,ending,92,321
7_7.png,7,bifurcation,96,72
7_7.png,7,bifurcation,96,202
7_7.png,7,ending,98,151
7_7.png,7,ending,106,247
7_7.png,7,ending,110,17
7_7.png,7,bifurcation,110,31
7_7.png,7,ending,112,257
7_7.png,7,ending,112,321
7_7.png,7,bifurcation,113,29
7_7.png,7,bifurcation,115,32
7_7.png,7,ending,118,221
7_7.png,7,ending,118,264
7_7.png,7,ending,119,244
7_7.png,7,ending,125,138
7_7.png,7,ending,125,321
7_7.png,7,bifurcation,126,24
7_7.png,7,ending,127,30
7_7.png,7,ending,128,271
7_7.png,7,ending,129,236
7_7.png,7,bifurcation,130,271
7_7.png,7,bifurcation,130,297
7_7.png,7,ending,132,17
7_7.png,7,ending,134,321
7_7.png,7,bifurcation,135,279
7_7.png,7,bifurcation,137,239
7_7.png,7,ending,147,321
7_7.png,7,ending,150,17
7_7.png,7,ending,153,161
7_7.png,7,bifurcation,155,225
7_7.png,7,ending,158,239
7_7.png,7,ending,159,21
7_7.png,7,ending,160,321
7_7.png,7,ending,161,17
7_7.png,7,bifurcation,161,239
7_7.png,7,ending,163,171
7_7.png,7,bifurcation,164,111
7_7.png,7,ending,165,115
7_7.png,7,ending,167,120
7_7.png,7,bifurcation,167,124
7_7.png,7,bifurcation,167,226
7_7.png,7,ending,169,320
7_7.png,7,ending,173,17
7_7.png,7,ending,177,20
7_7.png,7,ending,182,320
7_7.png,7,ending,185,119
7_7.png,7,ending,191,33
7_7.png,7,ending,193,321
7_7.png,7,ending,197,80
7_7.png,7,ending,199,132
7_7.png,7,ending,199,320
7_7.png,7,ending,201,74
7_7.png,7,ending,201,124
7_7.png,7,ending,207,47
7_7.png,7,ending,207,58
7_7.png,7,bifurcation,208,98
7_7.png,7,ending,210,321
7_7.png,7,ending,211,96
7_7.png,7,ending,213,64
7_7.png,7,ending,215,112
7_7.png,7,bifurcation,216,279
7_7.png,7,bifurcation,217,81
7_7.png,7,ending,218,140
7_7.png,7,ending,218,156
7_7.png,7,ending,219,193
7_7.png,7,ending,219,321
7_7.png,7,bifurcation,220,97
7_7.png,7,bifurcation,221,103
7_7.png,7,bifurcation,221,110
7_7.png,7,bifurcation,221,119
7_7.png,7,ending,222,96
7_7.png,7,bifurcation,222,127
7_7.png,7,bifurcation,223,90
7_7.png,7,ending,223,93
7_7.png,7,ending,223,202
7_7.png,7,ending,223,220
7_7.png,7,ending,223,234
7_7.png,7,ending,223,282
7_7.png,7,bifurcation,223,308
7_7.png,7,ending,224,89
7_7.png,7,ending,224,109
7_7.png,7,ending,224,118
7_7.png,7,ending,224,127
7_7.png,7,ending,224,138
7_7.png,7,ending,224,144
7_7.png,7,ending,224,150
7_7.png,7,ending,224,162
7_7.png,7,ending,224,171
7_7.png,7,ending,224,184
7_7.png,7,ending,224,189
7_7.png,7,ending,225,101
7_7.png,7,ending,226,203
7_7.png,7,bifurcation,226,295
7_7.png,7,ending,227,236
7_7.png,7,bifurcation,227,274
7_7.png,7,bifurcation,228,237
7_7.png,7,bifurcation,228,256
7_7.png,7,ending,231,307
7_7.png,7,delta,48,272
7_7.png,7,delta,48,288
7_8.png,7,ending,17,111
7_8.png,7,ending,17,123
7_8.png,7,ending,17,137
7_8.png,7,ending,17,149
7_8.png,7,ending,17,161
7_8.png,7,ending,17,172
7_8.png,7,ending,17,183
7_8.png,7,ending,17,196
7_8.png,7,ending,17,208
7_8.png,7,ending,17,220
7_8.png,7,ending,17,235
7_8.png,7,ending,17,251
7_8.png,7,ending,17,269
7_8.png,7,ending,17,288
7_8.png,7,ending,17,302
7_8.png,7,ending,17,316
7_8.png,7,ending,18,62
7_8.png,7,ending,18,72
7_8.png,7,ending,18,86
7_8.png,7,ending,18,97
7_8.png,7,ending,19,214
7_8.png,7,ending,20,321
7_8.png,7,ending,25,193
7_8.png,7,ending,31,239
7_8.png,7,ending,32,187
7_8.png,7,ending,33,321
7_8.png,7,ending,34,39
7_8.png,7,ending,34,140
7_8.png,7,ending,35,312
7_8.png,7,ending,43,262
7_8.png,7,ending,47,206
7_8.png,7,bifurcation,48,208
7_8.png,7,ending,48,321
7_8.png,7,ending,50,200
7_8.png,7,ending,53,138
7_8.png,7,bifurcation,57,78
7_8.png,7,ending,62,321
7_8.png,7,ending,63,229
7_8.png,7,bifurcation,63,233
7_8.png,7,ending,63,288
7_8.png,7,ending,65,28
7_8.png,7,ending,65,226
7_8.png,7,bifurcation,71,285
7_8.png,7,bifurcation,72,262
7_8.png,7,bifurcation,76,287
7_8.png,7,ending,76,320
7_8.png,7,ending,78,286
7_8.png,7,ending,79,309
7_8.png,7,bifurcation,83,278
7_8.png,7,bifurcation,85,287
7_8.png,7,bifurcation,93,290
7_8.png,7,bifurcation,95,278
7_8.png,7,bifurcation,95,299
7_8.png,7,bifurcation,97,162
7_8.png,7,bifurcation,97,318
7_8.png,7,ending,99,291
7_8.png,7,ending,106,299
7_8.png,7,ending,107,321
7_8.png,7,ending,115,308
7_8.png,7,ending,117,61
7_8.png,7,bifurcation,117,196
7_8.png,7,bifurcation,127,143
7_8.png,7,ending,127,240
7_8.png,7,ending,128,321
7_8.png,7,ending,130,17
7_8.png,7,ending,132,25
7_8.png,7,ending,135,250
7_8.png,7,ending,140,257
7_8.png,7,ending,141,214
7_8.png,7,ending,141,237
7_8.png,7,ending,143,321
7_8.png,7,ending,146,288
7_8.png,7,ending,148,264
7_8.png,7,ending,149,17
7_8.png,7,ending,150,227
7_8.png,7,bifurcation,153,132
7_8.png,7,ending,156,261
7_8.png,7,bifurcation,157,270
7_8.png,7,bifurcation,157,319
7_8.png,7,bifurcation,159,231
7_8.png,7,ending,162,320
7_8.png,7,ending,168,17
7_8.png,7,ending,175,155
7_8.png,7,bifurcation,177,218
7_8.png,7,ending,177,321
7_8.png,7,bifurcation,183,226
7_8.png,7,ending,185,165
7_8.png,7,bifurcation,189,220
7_8.png,7,bifurcation,189,226
7_8.png,7,ending,190,17
7_8.png,7,ending,190,321
7_8.png,7,ending,202,321
7_8.png,7,bifurcation,208,121
7_8.png,7,ending,214,321
7_8.png,7,ending,220,77
7_8.png,7,ending,221,125
7_8.png,7,ending,223,320
7_8.png,7,ending,225,119
7_8.png,7,ending,226,77
7_8.png,7,ending,230,205
7_8.png,7,ending,231,57
7_8.png,7,ending,231,72
7_8.png,7,ending,231,86
7_8.png,7,ending,231,102
7_8.png,7,ending,231,116
7_8.png,7,ending,231,134
7_8.png,7,ending,231,157
7_8.png,7,ending,231,169
7_8.png,7,ending,231,187
7_8.png,7,ending,231,224
7_8.png,7,ending,231,243
7_8.png,7,ending,231,263
7_8.png,7,ending,231,280
7_8.png,7,ending,231,298
7_8.png,7,ending,231,313
7_8.png,7,ending,231,321
7_8.png,7,delta,48,272
7_8.png,7,delta,64,272
7_8.png,7,delta,48,288
7_8.png,7,delta,64,288
8_1.png,8,ending,34,101
8_1.png,8,ending,34,109
8_1.png,8,ending,34,117
8_1.png,8,ending,34,129
8_1.png,8,ending,34,150
8_1.png,8,ending,34,163
8_1.png,8,ending,34,176
8_1.png,8,ending,34,189
8_1.png,8,ending,34,203
8_1.png,8,ending,34,227
8_1.png,8,ending,34,249
8_1.png,8,ending,34,277
8_1.png,8,ending,34,315
8_1.png,8,ending,35,107
8_1.png,8,ending,35,138
8_1.png,8,ending,37,83
8_1.png,8,ending,39,320
8_1.png,8,bifurcation,42,112
8_1.png,8,bifurcation,46,89
8_1.png,8,bifurcation,46,99
8_1.png,8,bifurcation,48,261
8_1.png,8,ending,50,47
8_1.png,8,ending,50,57
8_1.png,8,ending,50,68
8_1.png,8,ending,52,320
8_1.png,8,ending,53,35
8_1.png,8,ending,53,116
8_1.png,8,ending,63,320
8_1.png,8,ending,69,21
8_1.png,8,ending,72,320
8_1.png,8,ending,73,17
8_1.png,8,ending,73,21
8_1.png,8,ending,81,39
8_1.png,8,ending,83,320
8_1.png,8,ending,85,275
8_1.png,8,ending,90,22
8_1.png,8,ending,94,320
8_1.png,8,ending,95,310
8_1.png,8,bifurcation,98,19
8_1.png,8,ending,102,320
8_1.png,8,ending,104,289
8_1.png,8,ending,111,320
8_1.png,8,bifurcation,113,286
8_1.png,8,bifurcation,113,316
8_1.png,8,ending,116,166
8_1.png,8,ending,117,231
8_1.png,8,ending,118,320
8_1.png,8,ending,122,167
8_1.png,8,ending,124,17
8_1.png,8,ending,125,320
8_1.png,8,ending,127,308
8_1.png,8,ending,128,276
8_1.png,8,ending,129,157
8_1.png,8,ending,132,84
8_1.png,8,ending,133,321
8_1.png,8,ending,139,320
8_1.png,8,ending,148,320
8_1.png,8,ending,149,17
8_1.png,8,bifurcation,158,295
8_1.png,8,ending,158,320
8_1.png,8,bifurcation,159,206
8_1.png,8,ending,162,126
8_1.png,8,ending,169,320
8_1.png,8,bifurcation,173,65
8_1.png,8,ending,182,321
8_1.png,8,bifurcation,191,60
8_1.png,8,ending,192,46
8_1.png,8,ending,192,51
8_1.png,8,ending,192,58
8_1.png,8,bifurcation,192,60
8_1.png,8,ending,192,320
8_1.png,8,ending,195,61
8_1.png,8,ending,199,216
8_1.png,8,ending,204,154
8_1.png,8,ending,204,321
8_1.png,8,ending,205,74
8_1.png,8,bifurcation,206,171
8_1.png,8,ending,207,92
8_1.png,8,ending,207,105
8_1.png,8,ending,208,163
8_1.png,8,ending,208,197
8_1.png,8,ending,209,120
8_1.png,8,ending,209,132
8_1.png,8,ending,209,152
8_1.png,8,ending,209,155
8_1.png,8,ending,209,169
8_1.png,8,ending,209,181
8_1.png,8,ending,209,190
8_1.png,8,bifurcation,209,192
8_1.png,8,ending,209,204
8_1.png,8,ending,212,320
8_1.png,8,bifurcation,221,298
8_1.png,8,bifurcation,223,263
8_1.png,8,ending,225,275
8_1.png,8,delta,96,272
8_1.png,8,delta,112,272
8_1.png,8,delta,96,288
8_1.png,8,delta,112,288
8_2.png,8,ending,17,63
8_2.png,8,ending,17,75
8_2.png,8,ending,17,88
8_2.png,8,ending,17,101
8_2.png,8,ending,17,113
8_2.png,8,ending,17,124
8_2.png,8,ending,17,135
8_2.png,8,ending,17,148
8_2.png,8,ending,17,160
8_2.png,8,ending,17,172
8_2.png,8,ending,17,185
8_2.png,8,ending,17,199
8_2.png,8,ending,17,222
8_2.png,8,ending,17,241
8_2.png,8,ending,17,262
8_2.png,8,ending,18,22
8_2.png,8,ending,18,32
8_2.png,8,ending,18,40
8_2.png,8,ending,18,51
8_2.png,8,ending,18,291
8_2.png,8,ending,19,320
8_2.png,8,ending,25,17
8_2.png,8,ending,26,319
8_2.png,8,bifurcation,31,250
8_2.png,8,ending,36,320
8_2.png,8,ending,42,110
8_2.png,8,ending,48,320
8_2.png,8,ending,59,320
8_2.png,8,ending,66,31
8_2.png,8,ending,67,261
8_2.png,8,ending,70,320
8_2.png,8,ending,73,297
8_2.png,8,bifurcation,79,272
8_2.png,8,ending,79,284
8_2.png,8,ending,79,319
8_2.png,8,ending,87,320
8_2.png,8,bifurcation,90,269
8_2.png,8,bifurcation,91,303
8_2.png,8,ending,93,268
8_2.png,8,ending,97,319
8_2.png,8,ending,99,17
8_2.png,8,bifurcation,101,224
8_2.png,8,bifurcation,101,292
8_2.png,8,ending,103,162
8_2.png,8,ending,104,320
8_2.png,8,bifurcation,108,167
8_2.png,8,ending,108,267
8_2.png,8,ending,113,320
8_2.png,8,ending,115,151
8_2.png,8,ending,117,76
8_2.png,8,ending,122,320
8_2.png,8,ending,130,17
8_2.png,8,ending,133,321
8_2.png,8,bifurcation,138,284
8_2.png,8,bifurcation,142,201
8_2.png,8,ending,142,320
8_2.png,8,ending,151,17
8_2.png,8,ending,152,59
8_2.png,8,bifurcation,155,118
8_2.png,8,ending,155,321
8_2.png,8,ending,165,320
8_2.png,8,ending,170,17
8_2.png,8,ending,177,20
8_2.png,8,ending,177,33
8_2.png,8,bifurcation,177,212
8_2.png,8,ending,178,43
8_2.png,8,ending,178,321
8_2.png,8,bifurcation,189,74
8_2.png,8,bifurcation,189,88
8_2.png,8,ending,189,321
8_2.png,8,bifurcation,190,63
8_2.png,8,ending,190,66
8_2.png,8,bifurcation,190,104
8_2.png,8,ending,191,80
8_2.png,8,ending,191,108
8_2.png,8,ending,191,137
8_2.png,8,ending,192,61
8_2.png,8,ending,192,70
8_2.png,8,ending,192,84
8_2.png,8,ending,192,97
8_2.png,8,ending,192,111
8_2.png,8,ending,192,126
8_2.png,8,ending,193,102
8_2.png,8,ending,193,111
8_2.png,8,ending,193,156
8_2.png,8,ending,193,172
8_2.png,8,ending,193,189
8_2.png,8,ending,193,205
8_2.png,8,ending,193,273
8_2.png,8,ending,193,297
8_2.png,8,ending,193,318
8_2.png,8,ending,194,219
8_2.png,8,ending,196,258
8_2.png,8,ending,200,227
8_2.png,8,bifurcation,202,245
8_2.png,8,ending,203,251
8_2.png,8,delta,64,256
8_2.png,8,delta,80,256
8_2.png,8,delta,64,272
8_2.png,8,delta,80,272
8_3.png,8,ending,17,266
8_3.png,8,ending,18,282
8_3.png,8,bifurcation,21,259
8_3.png,8,bifurcation,21,262
8_3.png,8,bifurcation,25,256
8_3.png,8,bifurcation,25,271
8_3.png,8,ending,26,285
8_3.png,8,ending,28,225
8_3.png,8,ending,30,222
8_3.png,8,ending,30,270
8_3.png,8,ending,31,221
8_3.png,8,ending,32,293
8_3.png,8,ending,33,216
8_3.png,8,bifurcation,33,256
8_3.png,8,ending,34,104
8_3.png,8,ending,34,116
8_3.png,8,ending,34,129
8_3.png,8,ending,34,144
8_3.png,8,ending,34,157
8_3.png,8,ending,34,170
8_3.png,8,ending,34,186
8_3.png,8,ending,34,197
8_3.png,8,ending,34,316
8_3.png,8,ending,35,74
8_3.png,8,ending,35,88
8_3.png,8,ending,39,320
8_3.png,8,ending,47,320
8_3.png,8,ending,55,61
8_3.png,8,ending,55,265
8_3.png,8,bifurcation,56,57
8_3.png,8,ending,59,319
8_3.png,8,ending,60,255
8_3.png,8,ending,65,40
8_3.png,8,ending,65,77
8_3.png,8,ending,68,27
8_3.png,8,ending,69,320
8_3.png,8,bifurcation,83,290
8_3.png,8,ending,83,319
8_3.png,8,ending,87,144
8_3.png,8,ending,93,320
8_3.png,8,ending,104,320
8_3.png,8,ending,109,65
8_3.png,8,ending,115,320
8_3.png,8,ending,120,304
8_3.png,8,ending,128,320
8_3.png,8,ending,137,320
8_3.png,8,bifurcation,146,313
8_3.png,8,ending,153,17
8_3.png,8,ending,154,196
8_3.png,8,bifurcation,154,261
8_3.png,8,ending,156,321
8_3.png,8,bifurcation,157,201
8_3.png,8,ending,160,110
8_3.png,8,ending,164,305
8_3.png,8,ending,165,185
8_3.png,8,ending,165,321
8_3.png,8,ending,173,321
8_3.png,8,ending,177,17
8_3.png,8,ending,180,320
8_3.png,8,ending,189,321
8_3.png,8,ending,190,24
8_3.png,8,ending,193,92
8_3.png,8,ending,194,320
8_3.png,8,bifurcation,196,237
8_3.png,8,ending,197,153
8_3.png,8,ending,205,321
8_3.png,8,bifurcation,206,54
8_3.png,8,ending,207,44
8_3.png,8,ending,207,58
8_3.png,8,ending,208,50
8_3.png,8,bifurcation,208,78
8_3.png,8,ending,214,321
8_3.png,8,bifurcation,221,102
8_3.png,8,ending,221,319
8_3.png,8,bifurcation,222,193
8_3.png,8,ending,223,108
8_3.png,8,ending,223,119
8_3.png,8,ending,223,157
8_3.png,8,ending,223,170
8_3.png,8,bifurcation,224,142
8_3.png,8,ending,225,146
8_3.png,8,ending,225,158
8_3.png,8,ending,226,174
8_3.png,8,ending,227,250
8_3.png,8,bifurcation,228,305
8_3.png,8,ending,228,320
8_3.png,8,ending,229,176
8_3.png,8,ending,230,238
8_3.png,8,ending,231,195
8_3.png,8,ending,231,210
8_3.png,8,ending,231,223
8_3.png,8,ending,231,253
8_3.png,8,ending,231,261
8_3.png,8,ending,231,281
8_3.png,8,delta,128,288
8_3.png,8,delta,144,288
8_4.png,8,ending,34,281
8_4.png,8,ending,34,306
8_4.png,8,bifurcation,36,239
8_4.png,8,bifurcation,36,253
8_4.png,8,ending,36,317
8_4.png,8,ending,43,223
8_4.png,8,ending,45,257
8_4.png,8,ending,45,318
8_4.png,8,ending,46,258
8_4.png,8,ending,48,217
8_4.png,8,ending,50,123
8_4.png,8,ending,50,131
8_4.png,8,ending,50,145
8_4.png,8,ending,50,163
8_4.png,8,ending,50,177
8_4.png,8,ending,50,187
8_4.png,8,ending,50,203
8_4.png,8,ending,51,154
8_4.png,8,ending,54,115
8_4.png,8,ending,56,318
8_4.png,8,ending,60,111
8_4.png,8,bifurcation,62,112
8_4.png,8,bifurcation,62,120
8_4.png,8,ending,66,59
8_4.png,8,ending,66,68
8_4.png,8,ending,66,72
8_4.png,8,ending,66,75
8_4.png,8,ending,66,87
8_4.png,8,ending,66,97
8_4.png,8,bifurcation,67,74
8_4.png,8,ending,69,317
8_4.png,8,bifurcation,71,287
8_4.png,8,ending,80,317
8_4.png,8,ending,86,142
8_4.png,8,ending,87,34
8_4.png,8,ending,89,318
8_4.png,8,ending,102,318
8_4.png,8,ending,105,304
8_4.png,8,ending,113,318
8_4.png,8,ending,116,62
8_4.png,8,bifurcation,126,309
8_4.png,8,ending,126,319
8_4.png,8,ending,127,306
8_4.png,8,bifurcation,130,316
8_4.png,8,ending,135,318
8_4.png,8,bifurcation,140,260
8_4.png,8,ending,146,19
8_4.png,8,ending,146,319
8_4.png,8,ending,147,308
8_4.png,8,ending,150,195
8_4.png,8,bifurcation,151,199
8_4.png,8,ending,152,318
8_4.png,8,ending,161,182
8_4.png,8,ending,161,318
8_4.png,8,ending,165,107
8_4.png,8,ending,169,318
8_4.png,8,ending,176,318
8_4.png,8,ending,178,19
8_4.png,8,bifurcation,183,235
8_4.png,8,ending,186,318
8_4.png,8,ending,195,151
8_4.png,8,ending,196,318
8_4.png,8,ending,200,19
8_4.png,8,ending,202,90
8_4.png,8,ending,207,22
8_4.png,8,ending,208,319
8_4.png,8,bifurcation,209,32
8_4.png,8,ending,212,20
8_4.png,8,ending,217,318
8_4.png,8,ending,218,20
8_4.png,8,bifurcation,222,43
8_4.png,8,bifurcation,222,56
8_4.png,8,ending,222,58
8_4.png,8,ending,222,247
8_4.png,8,ending,223,34
8_4.png,8,ending,223,46
8_4.png,8,ending,224,41
8_4.png,8,ending,224,52
8_4.png,8,ending,224,63
8_4.png,8,ending,224,71
8_4.png,8,ending,225,63
8_4.png,8,ending,229,89
8_4.png,8,ending,229,103
8_4.png,8,ending,229,117
8_4.png,8,ending,229,131
8_4.png,8,ending,229,144
8_4.png,8,ending,229,158
8_4.png,8,ending,229,172
8_4.png,8,ending,229,189
8_4.png,8,ending,229,211
8_4.png,8,ending,229,231
8_4.png,8,ending,229,246
8_4.png,8,ending,229,262
8_4.png,8,ending,229,280
8_4.png,8,ending,229,305
8_4.png,8,ending,229,319
8_5.png,8,ending,19,170
8_5.png,8,ending,19,197
8_5.png,8,ending,19,202
8_5.png,8,ending,19,207
8_5.png,8,ending,19,225
8_5.png,8,ending,19,253
8_5.png,8,ending,19,282
8_5.png,8,ending,19,305
8_5.png,8,ending,21,317
8_5.png,8,ending,23,162
8_5.png,8,ending,26,197
8_5.png,8,ending,29,319
8_5.png,8,ending,33,150
8_5.png,8,ending,34,57
8_5.png,8,ending,34,68
8_5.png,8,ending,34,80
8_5.png,8,ending,34,90
8_5.png,8,ending,34,101
8_5.png,8,ending,34,112
8_5.png,8,ending,34,124
8_5.png,8,ending,34,136
8_5.png,8,ending,41,319
8_5.png,8,bifurcation,46,48
8_5.png,8,ending,47,43
8_5.png,8,ending,49,39
8_5.png,8,bifurcation,49,225
8_5.png,8,ending,50,28
8_5.png,8,ending,57,318
8_5.png,8,ending,69,80
8_5.png,8,ending,72,318
8_5.png,8,ending,83,318
8_5.png,8,ending,85,242
8_5.png,8,ending,86,19
8_5.png,8,ending,94,279
8_5.png,8,ending,95,318
8_5.png,8,ending,105,317
8_5.png,8,bifurcation,108,248
8_5.png,8,ending,109,246
8_5.png,8,bifurcation,111,286
8_5.png,8,ending,114,317
8_5.png,8,bifurcation,120,198
8_5.png,8,bifurcation,121,277
8_5.png,8,ending,123,318
8_5.png,8,ending,128,133
8_5.png,8,ending,128,245
8_5.png,8,bifurcation,130,138
8_5.png,8,ending,134,318
8_5.png,8,ending,138,19
8_5.png,8,bifurcation,144,118
8_5.png,8,ending,145,319
8_5.png,8,ending,149,48
8_5.png,8,ending,154,318
8_5.png,8,bifurcation,157,263
8_5.png,8,bifurcation,164,173
8_5.png,8,ending,165,318
8_5.png,8,ending,173,19
8_5.png,8,ending,176,94
8_5.png,8,ending,178,319
8_5.png,8,ending,186,32
8_5.png,8,ending,188,318
8_5.png,8,ending,191,19
8_5.png,8,bifurcation,197,185
8_5.png,8,ending,199,318
8_5.png,8,ending,210,32
8_5.png,8,ending,210,318
8_5.png,8,bifurcation,219,24
8_5.png,8,bifurcation,219,257
8_5.png,8,ending,220,21
8_5.png,8,ending,220,31
8_5.png,8,ending,220,318
8_5.png,8,ending,221,24
8_5.png,8,bifurcation,221,266
8_5.png,8,bifurcation,222,70
8_5.png,8,bifurcation,222,186
8_5.png,8,bifurcation,222,225
8_5.png,8,bifurcation,222,273
8_5.png,8,bifurcation,222,300
8_5.png,8,ending,223,31
8_5.png,8,ending,223,58
8_5.png,8,ending,223,86
8_5.png,8,ending,223,153
8_5.png,8,ending,223,176
8_5.png,8,ending,223,236
8_5.png,8,bifurcation,223,256
8_5.png,8,ending,223,283
8_5.png,8,ending,223,313
8_5.png,8,ending,224,45
8_5.png,8,ending,224,69
8_5.png,8,ending,224,78
8_5.png,8,ending,224,106
8_5.png,8,ending,224,122
8_5.png,8,ending,224,143
8_5.png,8,ending,224,185
8_5.png,8,ending,224,197
8_5.png,8,ending,224,218
8_5.png,8,ending,224,224
8_5.png,8,ending,224,258
8_5.png,8,ending,224,264
8_5.png,8,ending,224,272
8_5.png,8,ending,224,290
8_5.png,8,ending,224,291
8_5.png,8,ending,224,299
8_5.png,8,ending,224,317
8_5.png,8,ending,224,318
8_5.png,8,delta,96,240
8_5.png,8,delta,112,240
8_5.png,8,delta,96,256
8_5.png,8,delta,112,256
8_6.png,8,ending,19,207
8_6.png,8,ending,19,221
8_6.png,8,ending,19,240
8_6.png,8,ending,19,253
8_6.png,8,ending,19,271
8_6.png,8,ending,19,291
8_6.png,8,ending,19,317
8_6.png,8,ending,20,245
8_6.png,8,bifurcation,21,197
8_6.png,8,ending,25,242
8_6.png,8,ending,25,318
8_6.png,8,ending,27,175
8_6.png,8,bifurcation,28,240
8_6.png,8,bifurcation,30,244
8_6.png,8,ending,31,243
8_6.png,8,ending,32,177
8_6.png,8,ending,34,109
8_6.png,8,ending,34,120
8_6.png,8,ending,34,130
8_6.png,8,ending,34,140
8_6.png,8,ending,34,151
8_6.png,8,ending,34,163
8_6.png,8,ending,36,318
8_6.png,8,ending,47,95
8_6.png,8,ending,48,318
8_6.png,8,ending,49,88
8_6.png,8,bifurcation,49,97
8_6.png,8,ending,50,56
8_6.png,8,ending,50,76
8_6.png,8,ending,51,65
8_6.png,8,bifurcation,56,272
8_6.png,8,ending,59,318
8_6.png,8,ending,67,24
8_6.png,8,ending,67,35
8_6.png,8,ending,69,128
8_6.png,8,ending,70,318
8_6.png,8,ending,81,318
8_6.png,8,bifurcation,93,294
8_6.png,8,ending,94,53
8_6.png,8,ending,95,317
8_6.png,8,ending,105,318
8_6.png,8,ending,111,302
8_6.png,8,bifurcation,111,307
8_6.png,8,ending,116,318
8_6.png,8,bifurcation,125,245
8_6.png,8,ending,129,318
8_6.png,8,ending,135,291
8_6.png,8,ending,138,318
8_6.png,8,ending,144,19
8_6.png,8,bifurcation,144,166
8_6.png,8,ending,146,318
8_6.png,8,ending,148,96
8_6.png,8,ending,158,319
8_6.png,8,bifurcation,163,310
8_6.png,8,bifurcation,166,222
8_6.png,8,ending,166,317
8_6.png,8,ending,170,19
8_6.png,8,ending,175,139
8_6.png,8,ending,179,318
8_6.png,8,ending,190,19
8_6.png,8,bifurcation,190,78
8_6.png,8,ending,190,318
8_6.png,8,bifurcation,201,234
8_6.png,8,ending,201,319
8_6.png,8,bifurcation,205,37
8_6.png,8,bifurcation,206,49
8_6.png,8,ending,206,52
8_6.png,8,ending,207,41
8_6.png,8,ending,207,75
8_6.png,8,ending,208,45
8_6.png,8,ending,208,57
8_6.png,8,bifurcation,208,62
8_6.png,8,ending,209,62
8_6.png,8,ending,210,318
8_6.png,8,ending,212,81
8_6.png,8,ending,220,318
8_6.png,8,bifurcation,222,116
8_6.png,8,bifurcation,222,210
8_6.png,8,ending,223,90
8_6.png,8,ending,223,134
8_6.png,8,ending,223,166
8_6.png,8,ending,223,264
8_6.png,8,ending,224,93
8_6.png,8,ending,224,95
8_6.png,8,ending,224,108
8_6.png,8,ending,224,126
8_6.png,8,ending,224,138
8_6.png,8,ending,224,140
8_6.png,8,ending,224,155
8_6.png,8,ending,224,169
8_6.png,8,ending,224,172
8_6.png,8,ending,224,199
8_6.png,8,ending,224,206
8_6.png,8,ending,224,218
8_6.png,8,ending,224,223
8_6.png,8,ending,224,225
8_6.png,8,ending,224,245
8_6.png,8,ending,224,252
8_6.png,8,ending,224,253
8_6.png,8,ending,224,285
8_6.png,8,ending,225,116
8_6.png,8,ending,225,190
8_6.png,8,ending,225,241
8_6.png,8,ending,227,318
8_6.png,8,ending,228,270
8_6.png,8,ending,229,277
8_6.png,8,delta,96,288
8_6.png,8,delta,112,288
8_7.png,8,ending,34,164
8_7.png,8,ending,34,172
8_7.png,8,ending,34,176
8_7.png,8,ending,34,177
8_7.png,8,ending,34,187
8_7.png,8,ending,34,202
8_7.png,8,ending,34,215
8_7.png,8,ending,34,218
8_7.png,8,ending,34,222
8_7.png,8,ending,34,236
8_7.png,8,ending,34,254
8_7.png,8,ending,34,270
8_7.png,8,ending,34,287
8_7.png,8,ending,34,298
8_7.png,8,bifurcation,35,219
8_7.png,8,ending,35,320
8_7.png,8,ending,36,159
8_7.png,8,bifurcation,37,156
8_7.png,8,ending,38,131
8_7.png,8,bifurcation,39,145
8_7.png,8,ending,40,176
8_7.png,8,bifurcation,41,201
8_7.png,8,ending,42,160
8_7.png,8,ending,42,320
8_7.png,8,bifurcation,43,194
8_7.png,8,bifurcation,44,189
8_7.png,8,ending,45,127
8_7.png,8,ending,45,159
8_7.png,8,bifurcation,46,198
8_7.png,8,ending,47,145
8_7.png,8,ending,48,129
8_7.png,8,bifurcation,48,147
8_7.png,8,ending,48,167
8_7.png,8,ending,49,139
8_7.png,8,ending,50,75
8_7.png,8,ending,50,96
8_7.png,8,ending,50,106
8_7.png,8,ending,50,117
8_7.png,8,ending,51,104
8_7.png,8,bifurcation,51,105
8_7.png,8,ending,53,320
8_7.png,8,bifurcation,54,93
8_7.png,8,bifurcation,56,114
8_7.png,8,ending,57,110
8_7.png,8,ending,58,152
8_7.png,8,ending,62,60
8_7.png,8,ending,65,319
8_7.png,8,ending,67,43
8_7.png,8,ending,74,32
8_7.png,8,ending,76,320
8_7.png,8,ending,79,29
8_7.png,8,bifurcation,79,313
8_7.png,8,ending,81,27
8_7.png,8,ending,86,320
8_7.png,8,ending,88,76
8_7.png,8,ending,91,18
8_7.png,8,ending,96,306
8_7.png,8,ending,96,321
8_7.png,8,bifurcation,97,312
8_7.png,8,ending,98,321
8_7.png,8,ending,110,320
8_7.png,8,bifurcation,112,265
8_7.png,8,ending,118,204
8_7.png,8,ending,119,320
8_7.png,8,bifurcation,122,208
8_7.png,8,bifurcation,122,303
8_7.png,8,ending,127,17
8_7.png,8,ending,129,321
8_7.png,8,ending,136,320
8_7.png,8,bifurcation,137,191
8_7.png,8,ending,138,119
8_7.png,8,ending,145,321
8_7.png,8,ending,151,320
8_7.png,8,ending,157,17
8_7.png,8,ending,159,242
8_7.png,8,ending,161,320
8_7.png,8,ending,169,162
8_7.png,8,ending,171,320
8_7.png,8,ending,173,102
8_7.png,8,ending,180,18
8_7.png,8,bifurcation,180,22
8_7.png,8,ending,183,321
8_7.png,8,bifurcation,188,252
8_7.png,8,ending,194,321
8_7.png,8,ending,203,320
8_7.png,8,ending,206,45
8_7.png,8,bifurcation,207,86
8_7.png,8,ending,212,320
8_7.png,8,bifurcation,215,134
8_7.png,8,bifurcation,216,127
8_7.png,8,ending,217,101
8_7.png,8,bifurcation,219,81
8_7.png,8,ending,219,127
8_7.png,8,bifurcation,219,242
8_7.png,8,ending,221,71
8_7.png,8,bifurcation,221,80
8_7.png,8,bifurcation,221,81
8_7.png,8,bifurcation,222,176
8_7.png,8,ending,222,219
8_7.png,8,bifurcation,222,264
8_7.png,8,bifurcation,222,283
8_7.png,8,ending,222,319
8_7.png,8,bifurcation,223,145
8_7.png,8,bifurcation,223,159
8_7.png,8,ending,223,201
8_7.png,8,ending,224,77
8_7.png,8,ending,224,99
8_7.png,8,ending,224,107
8_7.png,8,ending,224,109
8_7.png,8,ending,224,121
8_7.png,8,ending,224,128
8_7.png,8,bifurcation,224,299
8_7.png,8,ending,225,188
8_7.png,8,ending,225,306
8_8.png,8,ending,34,102
8_8.png,8,ending,34,110
8_8.png,8,ending,34,115
8_8.png,8,ending,34,121
8_8.png,8,ending,34,133
8_8.png,8,ending,34,143
8_8.png,8,ending,34,155
8_8.png,8,ending,34,166
8_8.png,8,ending,34,179
8_8.png,8,ending,34,192
8_8.png,8,ending,34,207
8_8.png,8,ending,34,229
8_8.png,8,ending,34,250
8_8.png,8,ending,34,276
8_8.png,8,ending,34,310
8_8.png,8,bifurcation,35,117
8_8.png,8,ending,36,320
8_8.png,8,bifurcation,38,96
8_8.png,8,ending,40,81
8_8.png,8,ending,43,96
8_8.png,8,ending,45,94
8_8.png,8,ending,46,76
8_8.png,8,bifurcation,47,79
8_8.png,8,bifurcation,48,89
8_8.png,8,ending,48,320
8_8.png,8,bifurcation,49,258
8_8.png,8,ending,50,62
8_8.png,8,ending,50,69
8_8.png,8,ending,52,52
8_8.png,8,ending,60,48
8_8.png,8,ending,60,320
8_8.png,8,ending,62,46
8_8.png,8,ending,62,113
8_8.png,8,ending,70,320
8_8.png,8,ending,72,34
8_8.png,8,ending,81,320
8_8.png,8,ending,83,23
8_8.png,8,bifurcation,87,278
8_8.png,8,bifurcation,88,21
8_8.png,8,ending,91,320
8_8.png,8,ending,92,22
8_8.png,8,ending,94,37
8_8.png,8,ending,94,309
8_8.png,8,ending,101,320
8_8.png,8,bifurcation,109,288
8_8.png,8,ending,110,320
8_8.png,8,bifurcation,112,313
8_8.png,8,bifurcation,114,284
8_8.png,8,ending,117,319
8_8.png,8,bifurcation,120,228
8_8.png,8,bifurcation,122,303
8_8.png,8,ending,124,319
8_8.png,8,ending,126,303
8_8.png,8,ending,127,305
8_8.png,8,ending,128,273
8_8.png,8,ending,130,319
8_8.png,8,ending,136,154
8_8.png,8,ending,139,17
8_8.png,8,ending,140,321
8_8.png,8,ending,141,80
8_8.png,8,ending,148,320
8_8.png,8,ending,158,320
8_8.png,8,bifurcation,159,294
8_8.png,8,bifurcation,162,205
8_8.png,8,ending,164,17
8_8.png,8,ending,169,320
8_8.png,8,ending,171,124
8_8.png,8,ending,182,321
8_8.png,8,bifurcation,184,62
8_8.png,8,bifurcation,190,29
8_8.png,8,ending,192,320
8_8.png,8,ending,193,29
8_8.png,8,bifurcation,195,214
8_8.png,8,ending,202,320
8_8.png,8,ending,203,64
8_8.png,8,ending,205,50
8_8.png,8,bifurcation,205,59
8_8.png,8,ending,206,40
8_8.png,8,bifurcation,206,64
8_8.png,8,bifurcation,206,76
8_8.png,8,bifurcation,207,65
8_8.png,8,ending,207,67
8_8.png,8,ending,207,315
8_8.png,8,ending,208,56
8_8.png,8,ending,208,64
8_8.png,8,ending,208,73
8_8.png,8,ending,209,82
8_8.png,8,ending,209,96
8_8.png,8,ending,209,110
8_8.png,8,ending,211,141
8_8.png,8,ending,211,304
8_8.png,8,bifurcation,213,298
8_8.png,8,ending,217,266
8_8.png,8,bifurcation,221,146
8_8.png,8,ending,222,136
8_8.png,8,bifurcation,222,250
8_8.png,8,bifurcation,223,168
8_8.png,8,ending,223,208
8_8.png,8,ending,223,222
8_8.png,8,bifurcation,223,276
8_8.png,8,ending,223,294
8_8.png,8,bifurcation,224,185
8_8.png,8,ending,224,275
8_8.png,8,ending,225,202
8_8.png,8,delta,96,272
8_8.png,8,delta,112,272
8_8.png,8,delta,96,288
8_8.png,8,delta,112,288
